id,dataset,reference,pytorch_cpu,onnx_fp32_cpu,onnx_int8_cpu,pytorch_cuda,onnx_fp32_cuda
wikilingua_vi-81bfec70d7f4-0,wikilingua_vi,Đong nguyên liệu cho vào máy xay. Điều chỉnh màu sắc của máu giả. Làm đặc máu giả.,Chuẩn bị nguyên liệu. Thêm một ít nước hoa quả màu đỏ vào máy xay sinh tố. Thêm xi-rô ngô.,Chuẩn bị nguyên liệu. Thêm một ít nước hoa quả màu đỏ vào máy xay sinh tố. Thêm xi-rô ngô.,Chuẩn bị nguyên liệu. Xay nhuyễn máu giả.,Chuẩn bị nguyên liệu. Thêm một ít nước hoa quả màu đỏ vào máy xay sinh tố. Thêm xi-rô ngô.,Chuẩn bị nguyên liệu. Thêm một ít nước hoa quả màu đỏ vào máy xay sinh tố. Thêm xi-rô ngô.
vietnews-test-21762,vietnews,"Dây điện nối micro với dàn karaoke bị trục trặc, ông Đủ đến chỉnh sửa thì bị điện giật tử vong.","Trong lúc hát karaoke, dây điện nối micro với dàn karaoke bị trục trặc nên ông Đủ bị điện giật văng ra ngoài.","Trong lúc hát karaoke, dây điện nối micro với dàn karaoke bị trục trặc nên ông Đủ bị điện giật văng ra ngoài.","Trong lúc hát karaoke, dây điện nối micro với dàn karaoke bị trục trặc nên ông Đủ bị điện giật văng ra ngoài.","Trong lúc hát karaoke, dây điện nối micro với dàn karaoke bị trục trặc nên ông Đủ bị điện giật văng ra ngoài.","Trong lúc hát karaoke, dây điện nối micro với dàn karaoke bị trục trặc nên ông Đủ bị điện giật văng ra ngoài."
wikilingua_vi-7b1913a6e30e-3,wikilingua_vi,Học cách để tập trung vào sở thích của người khác. Gặp gỡ người mà bạn cảm thấy rằng họ khá thú vị. Mỉm cười và cười vang càng thường xuyên càng tốt. Học cách để phớt lờ thái độ xúc phạm hoặc thiếu tôn trọng của người khác.,Hãy để ý đến người mà bạn đang trò chuyện. Hãy mỉm cười và cười vang. Cười vang.,Hãy để ý đến người mà bạn đang trò chuyện. Hãy mỉm cười và cười vang. Cười vang.,Học cách để ý đến người khác. Học cách mỉm cười và cười vang. Chấp nhận người mà bạn giao du.,Hãy để ý đến người mà bạn đang trò chuyện. Hãy mỉm cười và cười vang. Cười vang.,Hãy để ý đến người mà bạn đang trò chuyện. Hãy mỉm cười và cười vang. Cười vang.
wikilingua_vi-02da12a125b4-2,wikilingua_vi,Bắt đầu từ từ. Kết nối lại với mọi người. Làm mình thêm bí ẩn. Theo đuổi các sở thích. Lên kế hoạch ngay tức thì. Đi du lịch.,Thay đổi thói quen sinh hoạt hằng ngày. Lên kế hoạch cho những ngày cuối tuần. Lập kế hoạch.,Thay đổi thói quen sinh hoạt hằng ngày. Lên kế hoạch cho những ngày cuối tuần. Lập kế hoạch.,Thay đổi thói quen sinh hoạt hằng ngày của bạn. Lên kế hoạch cho chuyến đi. Đừng quá cứng nhắc.,Thay đổi thói quen sinh hoạt hằng ngày. Lên kế hoạch cho một ngày mới. Lập kế hoạch.,Thay đổi thói quen sinh hoạt hằng ngày. Lên kế hoạch cho những ngày cuối tuần. Lập kế hoạch.
vietnews-test-1863,vietnews,"Siêu mẫu Minh Tú đã ngay lập tức có động thái ""đáp trả"" trên Instagram cá nhân khi bị antifan chê ""nói tiếng Anh dở"".","""Chị Tú ơi! Chị nói tiếng Anh dở lắm, chị đừng nói nữa dùm em được không"", Minh Tú thẳng thắn đáp trả.","""Chị Tú ơi! Chị nói tiếng Anh dở lắm, chị đừng nói nữa dùm em được không"", Minh Tú thẳng thắn đáp trả.","Mới đây, chân dài Minh Tú đã bất ngờ đáp trả antifan khi bị chê nói tiếng Anh dở.","""Chị Tú ơi! Chị nói tiếng Anh dở lắm, chị đừng nói nữa dùm em được không"", Minh Tú thẳng thắn đáp trả.","""Chị Tú ơi! Chị nói tiếng Anh dở lắm, chị đừng nói nữa dùm em được không"", Minh Tú thẳng thắn đáp trả."
wikilingua_vi-5a8d0a926041-0,wikilingua_vi,Tìm khe SIM trên thiết bị Android. Lấy pin ra nếu cần thiết. Lấy khay SIM ra. Lấy thẻ SIM cũ ra khỏi khay. Lắp thẻ SIM mới vào khay. Lắp lại khay SIM vào điện thoại. Mở nguồn điện thoại.,Xác định vị trí khe SIM trên điện thoại Android. Đặt khay SIM vào trong điện thoại. Tháo khay SIM ra. Đặt thẻ SIM vào khay SIM.,Xác định vị trí khe SIM trên điện thoại Android. Đặt khay SIM vào trong điện thoại. Tháo khay SIM ra. Đặt thẻ SIM vào khay SIM.,Xác định khe SIM trên điện thoại Android. Đặt khay SIM vào trong điện thoại. Nhấn nút nguồn. Mở khay SIM.,Xác định vị trí khe SIM trên điện thoại Android. Đặt khay SIM vào trong điện thoại. Tháo khay SIM ra. Đặt thẻ SIM vào khay SIM.,Xác định vị trí khe SIM trên điện thoại Android. Đặt khay SIM vào trong điện thoại. Tháo khay SIM ra. Đặt thẻ SIM vào khay SIM.
vietnews-test-17552,vietnews,"Trung ương Hội Sinh viên Việt Nam xác định sẽ sử dụng hiệu quả hệ thống báo chí, truyền hình, bảng tin, tờ gấp, website và đặc biệt sử dụng mạng xã hội lan tỏa phong trào trong giai đoạn 2018 - 2023.","Hội nghị Ban chấp hành Trung ương Hội Sinh viên Việt Nam lần thứ 2, khóa X, nhiệm kỳ 2018 - 2023 xác lập các giải pháp tuyên truyền phong trào ""Sinh viên 5 tốt"".","Hội nghị Ban chấp hành Trung ương Hội Sinh viên Việt Nam lần thứ 2, khóa X, nhiệm kỳ 2018 - 2023 xác lập các giải pháp tuyên truyền phong trào ""Sinh viên 5 tốt"".","Trung ương Hội Sinh viên Việt Nam xác lập các giải pháp tuyên truyền phong trào ""Sinh viên 5 tốt"" giai đoạn 2018 - 2023 đến các cấp bộ Hội.","Hội nghị Ban chấp hành Trung ương Hội Sinh viên Việt Nam lần thứ 2, khóa X, nhiệm kỳ 2018 - 2023 xác lập các giải pháp tuyên truyền phong trào ""Sinh viên 5 tốt"".","Hội nghị Ban chấp hành Trung ương Hội Sinh viên Việt Nam lần thứ 2, khóa X, nhiệm kỳ 2018 - 2023 xác lập các giải pháp tuyên truyền phong trào ""Sinh viên 5 tốt""."
vietnews-test-13327,vietnews,"Hiện nay, Facebook và Google đang là ""vùng đất màu mỡ"" mà các doanh nghiệp đua nhau ""chọn mặt gởi vàng"" để quảng bá thương hiệu bởi tính hiệu quả và độ phổ biến của hai nền tảng này. Tuy nhiên, càng nhiều doanh nghiệp tham gia, sự cạnh tranh càng trở nên khốc liệt, chi phí đổ vào càng nhiều. Do đó, doanh nghiệp cần có ""đối sách"" để giảm thiểu chi phí leo thang nhưng vẫn đảm bảo việc quảng bá thương hiệu hiệu quả, tiếp tục thu hút, lôi kéo được khách hàng.",Ngày càng có nhiều doanh nghiệp vừa và nhỏ tham gia vào cộng đồng JOY  Maritime Bank với mong muốn được tiếp cận nhiều hơn với khách hàng.,Ngày càng có nhiều doanh nghiệp vừa và nhỏ tham gia vào cộng đồng JOY  Maritime Bank với mong muốn được tiếp cận nhiều hơn với khách hàng.,Ngày càng có nhiều doanh nghiệp nhỏ và vừa tham gia vào cộng đồng JOY  Maritime Bank (Maritime Bank) để quảng bá thương hiệu.,Ngày càng có nhiều doanh nghiệp vừa và nhỏ tham gia vào cộng đồng JOY  Maritime Bank với mong muốn được tiếp cận nhiều hơn với khách hàng.,Ngày càng có nhiều doanh nghiệp vừa và nhỏ tham gia vào cộng đồng JOY  Maritime Bank với mong muốn được tiếp cận nhiều hơn với khách hàng.
vietnews-test-7598,vietnews,Ngoại trưởng Mỹ cho biết Tổng thống Trump cùng đội ngũ của ông rất mong chờ chuyến thăm Trung Quốc sắp tới.,"Ngoại trưởng Mỹ cho rằng chuyến thăm Trung Quốc của ông Trump có ý nghĩa ""vô cùng quan trọng"" đối với mối quan hệ song phương.","Ngoại trưởng Mỹ cho rằng chuyến thăm Trung Quốc của ông Trump có ý nghĩa ""vô cùng quan trọng"" đối với mối quan hệ song phương.","Ngoại trưởng Mỹ cho rằng chuyến thăm Trung Quốc của Tổng thống Trump có ý nghĩa ""vô cùng quan trọng"" đối với mối quan hệ song phương.","Ngoại trưởng Mỹ cho rằng chuyến thăm Trung Quốc của ông Trump có ý nghĩa ""vô cùng quan trọng"" đối với mối quan hệ song phương.","Ngoại trưởng Mỹ cho rằng chuyến thăm Trung Quốc của ông Trump có ý nghĩa ""vô cùng quan trọng"" đối với mối quan hệ song phương."
wikilingua_vi-338e1e333a75-3,wikilingua_vi,Phân tích cách sử dụng ngôn ngữ của bạn. Đọc truyện thành tiếng.,Sử dụng các tính từ trùng lặp. Sử dụng ngôn ngữ hợp với giọng điệu của nhân vật. Đọc truyện thành tiếng.,Sử dụng các tính từ trùng lặp. Sử dụng ngôn ngữ hợp với giọng điệu của nhân vật. Đọc truyện thành tiếng.,Đọc lại bản thảo đầu tiên. Sử dụng ngôn ngữ hợp với giọng điệu của nhân vật.,Đọc lại bản thảo đầu tiên. Sử dụng ngôn ngữ hợp với giọng điệu của nhân vật. Đọc truyện thành tiếng.,Sử dụng các tính từ trùng lặp. Sử dụng ngôn ngữ hợp với giọng điệu của nhân vật. Đọc truyện thành tiếng.
vietnews-test-3560,vietnews,"Theo thư tuyệt mệnh của người mẹ, do để con trai bị bỏng nặng, người mẹ ân hận nên cùng với con trai tìm đến cái chết.","Trong thư tuyệt mệnh dài 8 trang, nghi do chị C. để lại, người mẹ cho biết rất ân hận khi để đứa con trai 18 tháng tuổi bị bỏng nặng.","Trong thư tuyệt mệnh dài 8 trang, nghi do chị C. để lại, người mẹ cho biết rất ân hận khi để đứa con trai 18 tháng tuổi bị bỏng nặng.","Trong thư tuyệt mệnh, người mẹ cho biết rất ân hận khi để đứa con trai 18 tháng tuổi bị bỏng nặng, không muốn nhìn thấy con phải chịu nỗi đau dai dẳng.","Trong thư tuyệt mệnh dài 8 trang, nghi do chị C. để lại, người mẹ cho biết rất ân hận khi để đứa con trai 18 tháng tuổi bị bỏng nặng.","Trong thư tuyệt mệnh dài 8 trang, nghi do chị C. để lại, người mẹ cho biết rất ân hận khi để đứa con trai 18 tháng tuổi bị bỏng nặng."
vietnews-test-15255,vietnews,"Tin nóng thời sự xã hội ngày 27/7: Diễn biến mới nhất vụ xe khách mất lái đâm liên hoàn ở Quảng Ninh, nam hành khách hạng thương gia sàm sỡ cô gái trên máy bay, Mỹ lên tiếng về vụ tàu Trung Quốc vào vùng biển Việt Nam, Chủ tịch xã bị cách chức vì để vợ con ""lộng hành"".","Vụ tai nạn xe khách thảm khốc ở Quảng Ninh khiến 5 người bị thương, chủ tịch xã bị cách chức vì để vợ con "" lộng hành"".","Vụ tai nạn xe khách thảm khốc ở Quảng Ninh khiến 5 người bị thương, chủ tịch xã bị cách chức vì để vợ con "" lộng hành"".","Một nam hành khách hạng thương gia bị từ chối phục vụ vì nghi sàm sỡ một cô gái trên máy bay; Chủ tịch xã bị cách chức vì để vợ con "" lộng hành""... là những tin đáng chú ý đầu ngày 27/7.","Vụ tai nạn xe khách thảm khốc ở Quảng Ninh khiến 5 người bị thương, chủ tịch xã bị cách chức vì để vợ con "" lộng hành"".","Vụ tai nạn xe khách thảm khốc ở Quảng Ninh khiến 5 người bị thương, chủ tịch xã bị cách chức vì để vợ con "" lộng hành""."
wikilingua_vi-f87253da95ba-2,wikilingua_vi,"Nhấp vào ô mà bạn muốn chèn liên kết. Nhấp vào thẻ ""Insert"". Nhấp vào nút ""Hyperlink"". Nhập địa chỉ email mà bạn muốn liên kết đến vào trường ""E-mail address"" (Địa chỉ email). Nhập một chủ đề tạo sẵn vào trường ""Subject"" (Chủ đề) – tùy chọn. Đổi tiêu đề sẽ được hiển thị (tùy chọn). Nhấn ""OK"" để chèn liên kết của bạn.","Mở bảng tính. Nhấp vào nút ""Text to display"". Nhập địa chỉ email mà bạn muốn gửi đến. Chọn liên kết email.","Mở bảng tính. Nhấp vào nút ""Text to display"". Nhập địa chỉ email mà bạn muốn gửi đến. Chọn liên kết email.","Nhập địa chỉ email mà bạn muốn gửi đến. Nhấp vào nút ""Text to display"" (tùy chọn). Chọn liên kết email. Thay đổi nội dung liên kết.","Nhập địa chỉ email mà bạn muốn gửi đến. Nhấp vào nút ""Text to display"" (tùy chọn). Chọn ""mailto:addressexample.com"". Chọn liên kết email.","Mở bảng tính. Nhấp vào nút ""Text to display"". Nhập địa chỉ email mà bạn muốn gửi đến. Chọn liên kết email."
vietnews-test-21632,vietnews,"Máy bay Vietnam Airlines khởi hành từ Đà Nẵng đi Hà Nội gặp thời tiết xấu đã phải chuyển hướng hạ cánh xuống Viêng Chăn (Lào), sau đó lại phát hiện lỗi kỹ thuật. Lo sợ máy bay trục trặc, 102 khách đành qua đêm tại phòng chờ sân bay.","Sau hơn 3 giờ hạ cánh, máy bay Airbus A330 phải chuyển hướng hạ cánh tại sân bay Nội Bài (Lào).","Sau hơn 3 giờ hạ cánh, máy bay Airbus A330 phải chuyển hướng hạ cánh tại sân bay Nội Bài (Lào).",Máy bay Airbus A330 của hãng hàng không Vietnam Airlines phải chuyển hướng hạ cánh tại sân bay Viêng Chăn (Lào) lúc 18h5 0.,"Sau hơn 3 giờ hạ cánh, máy bay Airbus A330 được chấp thuận cho khai thác trở lại. Tuy nhiên, chỉ 103 khách lên máy bay quay về.","Sau hơn 3 giờ hạ cánh, máy bay Airbus A330 phải chuyển hướng hạ cánh tại sân bay Nội Bài (Lào)."
vietnews-test-1457,vietnews,"Trong tập 10 The Voice 2017, Đông Nhi bất ngờ cứu Han Sara và tin rằng, cô gái Hàn Quốc 16 tuổi này còn có thể tiến xa trên con đường ca hát.",Tiết mục của cặp đôi nhỏ tuổi nhất Anh Đạt - Han Sara đã chạm đến trái tim người nghe.,Tiết mục của cặp đôi nhỏ tuổi nhất Anh Đạt - Han Sara đã chạm đến trái tim người nghe.,Đêm thi The Voice  Giọng hát Việt đã kết thúc với màn trình diễn của cặp đôi nhỏ tuổi nhất Anh Đạt  Han Sara.,Tiết mục của cặp đôi nhỏ tuổi nhất Anh Đạt - Han Sara đã chạm đến trái tim người nghe.,Tiết mục của cặp đôi nhỏ tuổi nhất Anh Đạt - Han Sara đã chạm đến trái tim người nghe.
vietnews-test-18511,vietnews,"Chiến tranh thương mại Mỹ - Trung đang thúc đẩy các công ty nước ngoài rời Trung Quốc đến các nước khác, trong đó có Việt Nam. Tuy vậy, VN khó được hưởng lợi hoàn toàn từ căng thẳng giữa hai nền kinh tế hàng đầu thế giới này.","Các chuyên gia cho rằng chiến tranh thương mại giữa Mỹ và Trung Quốc sẽ còn kéo dài, sẽ định hình lịch sử thế giới trong thế kỷ 21 do đó tác động rất ghê gớm.","Các chuyên gia cho rằng chiến tranh thương mại giữa Mỹ và Trung Quốc sẽ còn kéo dài, sẽ định hình lịch sử thế giới trong thế kỷ 21 do đó tác động rất ghê gớm.","Trong bối cảnh cuộc chiến thương mại giữa Mỹ và Trung Quốc diễn ra ngày càng gay gắt, nhiều doanh nghiệp Trung Quốc đã ồ ạt sang Việt Nam để thực hiện các thương vụ mua bán và sáp nhập.","Các chuyên gia cho rằng chiến tranh thương mại giữa Mỹ và Trung Quốc sẽ còn kéo dài, sẽ định hình lịch sử thế giới trong thế kỷ 21 do đó tác động rất ghê gớm.","Các chuyên gia cho rằng chiến tranh thương mại giữa Mỹ và Trung Quốc sẽ còn kéo dài, sẽ định hình lịch sử thế giới trong thế kỷ 21 do đó tác động rất ghê gớm."
wikilingua_vi-ac5eb7eb68fe-0,wikilingua_vi,Biết cần tránh điều gì. Dùng dung dịch rửa mắt để làm trôi dị vật. Đứng dưới vòi sen và mở mắt để nước chảy vào mắt. Tìm hiểu thời gian rửa mắt đối với các loại hóa chất khác nhau. Tìm sự chăm sóc y tế ngay nếu bạn cần phải rửa mắt quá vài phút.,Ghi nhớ những điều nên tránh. Rửa mắt bằng nước. Dùng dung dịch rửa mắt vô trùng để rửa mắt.,Ghi nhớ những điều nên tránh. Rửa mắt bằng nước. Dùng dung dịch rửa mắt vô trùng để rửa mắt.,Ghi nhớ những điều cần tránh khi rửa mắt. Rửa mắt bằng dung dịch vô trùng. Dùng dung dịch rửa mắt vô trùng để rửa trôi dị vật.,Ghi nhớ những điều nên tránh. Rửa mắt bằng nước. Dùng dung dịch rửa mắt vô trùng để rửa mắt.,Ghi nhớ những điều nên tránh. Rửa mắt bằng nước. Dùng dung dịch rửa mắt vô trùng để rửa mắt.
vietnews-test-829,vietnews,"Liên quan vụ xác chết trong thùng bê tông, theo một nguồn tin từ cơ quan công an, khi cảnh sát đến căn nhà nơi phát hiện thi thể 2 nam giới, đã thu được một số can nhựa.","Trong khi những người khác ăn uống kham khổ thì Hà lại nói rằng, bản thân mình được ""thánh thần"" cho phép hút thuốc, uống rượu.","Trong khi những người khác ăn uống kham khổ thì Hà lại nói rằng, bản thân mình được ""thánh thần"" cho phép hút thuốc, uống rượu.","Sau khi phát hiện 2 thi thể nam giới trong thùng bê tông, lãnh đạo cục Cảnh sát Hình sự (bộ Công an) đã trực tiếp xuống hiện trường để chỉ đạo công tác điều tra phá án.","Trong khi những người khác ăn uống kham khổ thì Hà lại nói rằng, bản thân mình được ""thánh thần"" cho phép hút thuốc, uống rượu.","Trong khi những người khác ăn uống kham khổ thì Hà lại nói rằng, bản thân mình được ""thánh thần"" cho phép hút thuốc, uống rượu."
vietnews-test-5966,vietnews,Báo chí Trung Quốc đưa tin một người đàn ông 37 tuổi ở thị trấn Chương Châu thuộc tỉnh Phúc Kiến đã phải nhập viện cấp cứu sau khi... ngửi đôi vớ mình đã mang.,Các chuyên gia tâm lý hành vi đã nhận dạng được 29 loại hành vi rất lạ lùng trong cánh đàn ông trên khắp thế giới.,Các chuyên gia tâm lý hành vi đã nhận dạng được 29 loại hành vi rất lạ lùng trong cánh đàn ông trên khắp thế giới.,Người đàn ông có thói quen kỳ quặc là đưa lên mũi... ngửi đôi vớ đã mang mỗi lần thay ra.,Các chuyên gia tâm lý hành vi đã nhận dạng được 29 loại hành vi rất lạ lùng trong cánh đàn ông trên khắp thế giới.,Các chuyên gia tâm lý hành vi đã nhận dạng được 29 loại hành vi rất lạ lùng trong cánh đàn ông trên khắp thế giới.
wikilingua_vi-dff613875c75-0,wikilingua_vi,Kiểm tra ngay. Tắm càng sớm càng tốt. Giật quần áo. Kiểm tra lại lần nữa để chắc chắn không còn bọ ve.,Kiểm tra toàn thân. Tắm cho chó. Giặt quần áo của cả nhà.,Kiểm tra toàn thân. Tắm cho chó. Giặt quần áo của cả nhà.,Kiểm tra toàn thân. Tắm cho chó. Giặt quần áo của cả nhà.,Kiểm tra toàn thân. Tắm cho chó. Giặt quần áo của cả nhà.,Kiểm tra toàn thân. Tắm cho chó. Giặt quần áo của cả nhà.
vietnews-test-3126,vietnews,"Ban chỉ đạo Tháng hành động an toàn, vệ sinh lao động trung ương thông tin, năm 2018 cả nước xảy ra 7.997 vụ tai nạn lao động, 8.229 người bị nạn.","Trong số gần 8.000 vụ tai nạn lao động xảy ra năm 2018, số người chết vì tai nạn là 1.038 người.","Trong số gần 8.000 vụ tai nạn lao động xảy ra năm 2018, số người chết vì tai nạn là 1.038 người.","Trong số gần 8.000 vụ tai nạn lao động xảy ra năm 2018, số người chết vì tai nạn là 1.038 người.","Trong số gần 8.000 vụ tai nạn lao động xảy ra năm 2018, số người chết vì tai nạn là 1.038 người.","Trong số gần 8.000 vụ tai nạn lao động xảy ra năm 2018, số người chết vì tai nạn là 1.038 người."
vietnews-test-4004,vietnews,Hiện lực lượng chữa cháy TP Đà Nẵng có xe phun bọt nhưng chỉ phun bọt để xử lý cháy đến được tầng thứ 30.,"Hiện Đà Nẵng đang tiếp tục qui hoạch, cấp phép cho xây dựng nhiều khách sạn, chung cư với chiều cao lên đến 50 tầng. Bây giờ nếu xảy ra cháy nổ ở các tòa nhà này thì liệu lực lượng chữa cháy cho xử lý được không?","Hiện Đà Nẵng đang tiếp tục qui hoạch, cấp phép cho xây dựng nhiều khách sạn, chung cư với chiều cao lên đến 50 tầng. Bây giờ nếu xảy ra cháy nổ ở các tòa nhà này thì liệu lực lượng chữa cháy cho xử lý được không?","Hiện Đà Nẵng đang tiếp tục qui hoạch, cấp phép cho xây dựng nhiều khách sạn, chung cư với chiều cao lên đến 50 tầng. Bây giờ nếu xảy ra cháy nổ ở các tòa nhà này thì lực lượng chữa cháy cho xử lý được không?","Hiện Đà Nẵng đang tiếp tục qui hoạch, cấp phép cho xây dựng nhiều khách sạn, chung cư với chiều cao lên đến 50 tầng. Bây giờ nếu xảy ra cháy nổ ở các tòa nhà này thì liệu lực lượng chữa cháy cho xử lý được không?","Hiện Đà Nẵng đang tiếp tục qui hoạch, cấp phép cho xây dựng nhiều khách sạn, chung cư với chiều cao lên đến 50 tầng. Bây giờ nếu xảy ra cháy nổ ở các tòa nhà này thì liệu lực lượng chữa cháy cho xử lý được không?"
wikilingua_vi-5ae602a5ca0e-2,wikilingua_vi,Mang theo điện thoại di động đến Vương Quốc Anh. Mua điện thoại di động ở Vương Quốc Anh. Gọi từ đường dây cố định.,Mang theo điện thoại đã mở khóa hỗ trợ thẻ SIM. Mua điện thoại di động ở Vương Quốc Anh. Gọi sang Hoa Kỳ từ điện thoại cố định. Mua thẻ gọi quốc tế.,Mang theo điện thoại đã mở khóa hỗ trợ thẻ SIM. Mua điện thoại di động ở Vương Quốc Anh. Gọi sang Hoa Kỳ từ điện thoại cố định. Mua thẻ gọi quốc tế.,Mang theo điện thoại đã mở khóa. Mua điện thoại di động. Gọi sang Hoa Kỳ. Mua thẻ gọi quốc tế.,Mang theo điện thoại đã mở khóa hỗ trợ thẻ SIM. Mua điện thoại di động ở Vương Quốc Anh. Gọi sang Hoa Kỳ từ điện thoại cố định. Mua thẻ gọi quốc tế.,Mang theo điện thoại đã mở khóa hỗ trợ thẻ SIM. Mua điện thoại di động ở Vương Quốc Anh. Gọi sang Hoa Kỳ từ điện thoại cố định. Mua thẻ gọi quốc tế.
wikilingua_vi-cef88aa30a70-2,wikilingua_vi,Xông hơi trước hoặc sau khi mát-xa khoang mũi. Dùng một nồi nước. Dùng khăn sạch lớn bằng cotton trùm lên đầu. Hít vào bằng mũi và thở ra bằng miệng. Xông hơi liên tục cách nhau mỗi 2 tiếng. Thêm thảo mộc vào nước. Tắm nước nóng.,Thực hiện phương pháp xông hơi. Xông hơi bằng thảo mộc. Thử hỉ mũi trong và sau khi xông. Dùng nước nóng để xông.,Thực hiện phương pháp xông hơi. Xông hơi bằng thảo mộc. Thử hỉ mũi trong và sau khi xông. Dùng nước nóng để xông.,Thực hiện phương pháp xông hơi. Xông hơi bằng thảo mộc. Thử hỉ mũi trong và sau khi xông.,Thực hiện phương pháp xông hơi. Xông hơi bằng thảo mộc. Thử hỉ mũi trong và sau khi xông. Dùng nước nóng để xông.,Thực hiện phương pháp xông hơi. Xông hơi bằng thảo mộc. Thử hỉ mũi trong và sau khi xông. Dùng nước nóng để xông.
vietnews-test-20022,vietnews,Công dùng súng tự chế đi săn thú vào ban đêm và bắn nhầm một người câu cá.,"Phát hiện ánh sáng phía trước, Công nổ súng bắn nhầm một người đang câu cá rồi bỏ trốn.","Phát hiện ánh sáng phía trước, Công nổ súng bắn nhầm một người đang câu cá rồi bỏ trốn.","Phát hiện ánh sáng phía trước, Công nổ súng bắn nhầm một người đang câu cá rồi bỏ trốn.","Phát hiện ánh sáng phía trước, Công nổ súng nhưng khi lại gần phát hiện bắn nhầm một người đang câu cá.","Phát hiện ánh sáng phía trước, Công nổ súng bắn nhầm một người đang câu cá rồi bỏ trốn."
vietnews-test-17134,vietnews,"Sau khi nhân viên trạm thu phí cầu Bến Thủy 2 giải thích không được nợ vé và thanh toán bằng ATM, tài xế Nguyễn Quang Tuy lái xe lách qua barie, đâm vào cọc tiêu nhựa để vượt qua trạm thu phí.","Ông Nguyễn Quang Tuy (49 tuổi, ngụ huyện Krông Pắc, Đắk Lắk) tự ý bỏ ra ôtô chốt khóa cửa cố thủ bên trong rồi nổ máy, có hành vi chống người thi hành công vụ.","Ông Nguyễn Quang Tuy (49 tuổi, ngụ huyện Krông Pắc, Đắk Lắk) tự ý bỏ ra ôtô chốt khóa cửa cố thủ bên trong rồi nổ máy, có hành vi chống người thi hành công vụ.","Ông Nguyễn Quang Tuy (49 tuổi, ngụ huyện Krông Pắc, Đắk Lắk) vừa bị khởi tố về tội ""chống người thi hành công vụ"".","Ông Nguyễn Quang Tuy (49 tuổi, ngụ huyện Krông Pắc, Đắk Lắk) tự ý bỏ ra ôtô chốt khóa cửa cố thủ bên trong rồi nổ máy, có hành vi chống người thi hành công vụ.","Ông Nguyễn Quang Tuy (49 tuổi, ngụ huyện Krông Pắc, Đắk Lắk) tự ý bỏ ra ôtô chốt khóa cửa cố thủ bên trong rồi nổ máy, có hành vi chống người thi hành công vụ."
vietnews-test-3116,vietnews,"Thành phố Hà Nội đã thành lập đoàn công tác kiểm tra, rà soát việc cấp sổ đỏ, sổ hồng ở tất cả các dự án phát triển nhà trong thành phố. Sau đó sẽ xem xét cấp sổ theo quy định, bao gồm cả các trường hợp ở Tập đoàn Mường Thanh.",Sở Tài nguyên và môi trường Hà Nội đã dừng việc thu hồi sổ hồng và xem xét việc cấp sổ tại các dự án có sai phạm của Tập đoàn Mường Thanh.,Sở Tài nguyên và môi trường Hà Nội đã dừng việc thu hồi sổ hồng và xem xét việc cấp sổ tại các dự án có sai phạm của Tập đoàn Mường Thanh.,Sở Tài nguyên và môi trường Hà Nội đã dừng việc thu hồi sổ hồng và xem xét việc cấp sổ tại các dự án phát triển nhà trong thành phố.,Sở Tài nguyên và môi trường Hà Nội đã dừng việc thu hồi sổ hồng và xem xét việc cấp sổ tại các dự án có sai phạm của Tập đoàn Mường Thanh.,Sở Tài nguyên và môi trường Hà Nội đã dừng việc thu hồi sổ hồng và xem xét việc cấp sổ tại các dự án có sai phạm của Tập đoàn Mường Thanh.
wikilingua_vi-2947cc62e98a-2,wikilingua_vi,Tìm kiếm hỗ trợ y tế ngay lập tức nếu các triệu chứng dị ứng xuất hiện. Nhận biết dấu hiệu dị ứng. Liên hệ với bác sĩ khoa nhi nếu con bạn tiếp xúc với cây tầm ma. Gọi cho bác sĩ nếu bạn có triệu chứng nghiêm trọng. Tìm kiếm hỗ trợ y tế nếu khu vực kích ứng có vẻ bị nhiễm trùng.,Chăm sóc y tế ngay lập tức nếu bạn bị dị ứng với cây hoặc chất hóa học. Gọi cho bác sĩ nếu bạn có những triệu chứng của dị ứng.,Chăm sóc y tế ngay lập tức nếu bạn bị dị ứng với cây hoặc chất hóa học. Gọi cho bác sĩ nếu bạn có những triệu chứng của dị ứng.,Chăm sóc y tế ngay lập tức nếu bạn bị dị ứng với cây hoặc chất hóa học. Liên lạc với bác sĩ nếu bạn có triệu chứng dị ứng.,Chăm sóc y tế ngay lập tức nếu bạn bị dị ứng với cây hoặc chất hóa học. Gọi cho bác sĩ nếu bạn có những triệu chứng của dị ứng.,Chăm sóc y tế ngay lập tức nếu bạn bị dị ứng với cây hoặc chất hóa học. Gọi cho bác sĩ nếu bạn có những triệu chứng của dị ứng.
wikilingua_vi-f0de4cf75cb0-0,wikilingua_vi,Thành thật với bản thân. Xem xét khao khát của mình. Liệt kê danh sách nỗi sợ của bạn. Nuôi dưỡng tính chấp nhận bản thân. Luyện tập chánh niệm.,Hiểu rõ bản thân. Nhận thức rõ nỗi sợ của bạn. Chấp nhận sự thật.,Hiểu rõ bản thân. Nhận thức rõ nỗi sợ của bạn. Chấp nhận sự thật.,Học cách chấp nhận bản thân. Học cách để trở nên tốt đẹp. Chấp nhận sự thật.,Hiểu rõ bản thân. Nhận thức rõ nỗi sợ của bạn. Chấp nhận sự thật.,Hiểu rõ bản thân. Nhận thức rõ nỗi sợ của bạn. Chấp nhận sự thật.
wikilingua_vi-721316595ef3-3,wikilingua_vi,"Mở Twitter bằng cách truy cập https://twitter.com/ trên trình duyệt. Nhấp vào biểu tượng trang cá nhân. Nhấp vào lựa chọn Settings and privacy (Cài đặt và riêng tư) trong danh sách lựa chọn để mở trang Settings (Cài đặt). Nhấp vào thẻ Privacy and safety (Bảo mật và riêng tư) ở bên trái trang. Bỏ chọn ô ""Protect your tweets"" (Bảo vệ tin của tôi) trong phần ""Tweet privacy"" (Bảo mật tin) ở gần đầu trang. Kéo xuống cuối màn hình và chọn nút Save changes (Lưu thay đổi) ở cuối trang.",Mở trang tài khoản Twitter của bạn. Nhấp vào Sign in (Đăng nhập). Nhập thông tin tài khoản.,Mở trang tài khoản Twitter của bạn. Nhấp vào Sign in (Đăng nhập). Nhập thông tin tài khoản.,Mở tài khoản Twitter của bạn. Nhấp vào Log in (Đăng nhập) ở góc trên bên phải trang. Nhập thông tin tài khoản của bạn ở góc dưới bên trái trang.,Mở trang tài khoản Twitter của bạn. Nhấp vào Sign in (Đăng nhập). Nhập thông tin tài khoản.,Mở trang tài khoản Twitter của bạn. Nhấp vào Sign in (Đăng nhập). Nhập thông tin tài khoản.
vietnews-test-1449,vietnews,"Trước thông tin, Hoàng Thùy tham dự cuộc thi Hoa hậu Hoàn Vũ Việt Nam 2017 và sẽ được ưu ái. BTC cuộc thi này nói gì?","Người mẫu 9X Hoàng Thùy cho biết, cô đã suy nghĩ khá lâu trước khi đăng ký tham dự cuộc thi HHHV VN 2017.","Người mẫu 9X Hoàng Thùy cho biết, cô đã suy nghĩ khá lâu trước khi đăng ký tham dự cuộc thi HHHV VN 2017.","Mới đây, người mẫu 9X Hoàng Thùy đã nói mình sẽ không tham dự cuộc thi HHHV VN 2017 năm nay.","Người mẫu 9X Hoàng Thùy cho biết, cô đã suy nghĩ khá lâu trước khi đăng ký tham dự cuộc thi HHHV VN 2017.","Người mẫu 9X Hoàng Thùy cho biết, cô đã suy nghĩ khá lâu trước khi đăng ký tham dự cuộc thi HHHV VN 2017."
wikilingua_vi-6081945ff0e5-0,wikilingua_vi,Tẩy tế bào chết hằng ngày. Dùng kem làm săn da có collagen và elastin. Cấp ẩm cho da bằng sản phẩm dưỡng ẩm tăng cường. Bôi lòng trắng trứng lên da.,Tẩy tế bào chết mỗi ngày. Dùng kem làm săn da. Dùng sản phẩm dưỡng ẩm. Dùng lòng trắng trứng.,Tẩy tế bào chết mỗi ngày. Dùng kem làm săn da. Dùng sản phẩm dưỡng ẩm. Dùng lòng trắng trứng.,Tẩy tế bào chết mỗi ngày. Dùng kem làm săn da. Dùng sản phẩm dưỡng ẩm.,Tẩy tế bào chết mỗi ngày. Dùng kem làm săn da. Dùng sản phẩm dưỡng ẩm. Dùng lòng trắng trứng.,Tẩy tế bào chết mỗi ngày. Dùng kem làm săn da. Dùng sản phẩm dưỡng ẩm. Dùng lòng trắng trứng.
wikilingua_vi-df32924d041f-1,wikilingua_vi,Thừa nhận việc người đó nên tìm kiếm sự hỗ trợ chuyên khoa. Giới thiệu người đó đến một vài bác sĩ. Thay mặt sắp xếp một cuộc hẹn gặp bác sĩ cho người đó. Đi cùng người bạn quan tâm đến buổi hẹn đầu tiên. Động viên người đó tìm kiếm sự tư vấn tốt. Đề xuất các phương pháp điều trị khác nhau. Đề xuất khả năng dùng thuốc. Kết hợp thuốc với điều trị tâm lý. Khuyến khích sự nhẫn nại. Xác định liệu bạn có cần sự chấp thuận để thảo luận về việc điều trị. Lập danh sách các loại thuốc và phương pháp điều trị. Liên hệ với những người khác trong mạng lưới hỗ trợ cá nhân.,Tìm kiếm chuyên gia sức khỏe tâm lý. Tìm hiểu về thuốc chống trầm cảm. Tham khảo ý kiến bác sĩ.,Tìm kiếm chuyên gia sức khỏe tâm lý. Tìm hiểu về thuốc chống trầm cảm. Tham khảo ý kiến bác sĩ.,Tìm kiếm chuyên gia tư vấn. Tìm hiểu về thuốc chống trầm cảm. Tham khảo ý kiến bác sĩ.,Tìm kiếm chuyên gia sức khỏe tâm lý. Tìm hiểu về thuốc chống trầm cảm. Tham khảo ý kiến bác sĩ.,Tìm kiếm chuyên gia sức khỏe tâm lý. Tìm hiểu về thuốc chống trầm cảm. Tham khảo ý kiến bác sĩ.
wikilingua_vi-c6a1673f9656-1,wikilingua_vi,Tiếp nhận điều chưa biết. Chấp nhận mạo hiểm nhiều hơn. Dành thời gian ở bên cạnh những người khiến bạn cảm thấy hài lòng về bản thân mình. Nuôi dưỡng một sở thích. Chứng tỏ sự tự tin qua ngôn ngữ cơ thể. Dành thời gian chăm sóc dáng vẻ bên ngoài.,Thử làm một điều gì đó mới mẻ và khác lạ. Chấp nhận mạo hiểm. Giao tiếp với những người tự tin.,Thử làm một điều gì đó mới mẻ và khác lạ. Chấp nhận mạo hiểm. Giao tiếp với những người tự tin.,Tập thói quen thử những điều mới lạ. Chấp nhận mạo hiểm.,Thử làm một điều gì đó mới mẻ và khác lạ. Chấp nhận mạo hiểm. Giao tiếp với những người tự tin.,Thử làm một điều gì đó mới mẻ và khác lạ. Chấp nhận mạo hiểm. Giao tiếp với những người tự tin.
vietnews-test-13391,vietnews,"Các ĐBQH cho rằng, có lợi ích nhóm nên việc Formosa chôn hàng trăm tấn chất thải đã được một số cơ quan Hà Tĩnh ""bật đèn xanh"" bằng giấy tờ ""chất thải đạt chuẩn"".","ĐBQH Thào Xuân Sùng, Phó Trưởng ban dân vận Trung ương đánh giá cao vai trò của báo chí trong việc phát hiện vụ Formosa chôn chất thải.","ĐBQH Thào Xuân Sùng, Phó Trưởng ban dân vận Trung ương đánh giá cao vai trò của báo chí trong việc phát hiện vụ Formosa chôn chất thải.","ĐBQH Thào Xuân Sùng, Phó Trưởng ban dân vận Trung ương đánh giá cao vai trò của báo chí trong việc phát hiện vụ Formosa chôn chất thải.","ĐBQH Thào Xuân Sùng, Phó Trưởng ban dân vận Trung ương đánh giá cao vai trò của báo chí trong việc phát hiện vụ Formosa chôn chất thải.","ĐBQH Thào Xuân Sùng, Phó Trưởng ban dân vận Trung ương đánh giá cao vai trò của báo chí trong việc phát hiện vụ Formosa chôn chất thải."
wikilingua_vi-2bc39a003332-0,wikilingua_vi,"Tập trung và những từ ngữ và khái niệm then chốt. Sử dụng phương pháp ""hỏi, trả lời, dẫn chứng"". Sử dụng tốc ký. Trình bày phần ghi chép sao cho cuốn hút. Mã hóa các phần ghi chép bằng màu sắc. Ghi chép từ sách giáo khoa.",Viết lại những gì bạn nhìn thấy hoặc nghe được. Sử dụng bút mực đậm để viết các thông tin quan trọng. Dùng bút dạ quang để tô đậm các chữ viết tắt của bạn.,Viết lại những gì bạn nhìn thấy hoặc nghe được. Sử dụng bút mực đậm để viết các thông tin quan trọng. Dùng bút dạ quang để tô đậm các chữ viết tắt của bạn.,Viết lại những gì bạn nhìn thấy hoặc nghe được. Sử dụng bút dạ quang để viết lại các thông tin quan trọng. Viết các đoạn văn ngắn gọn và súc tích.,Viết lại những gì bạn nhìn thấy hoặc nghe được. Sử dụng bút mực đậm để viết các thông tin quan trọng. Dùng bút dạ quang để tô đậm các chữ viết tắt của bạn.,Viết lại những gì bạn nhìn thấy hoặc nghe được. Sử dụng bút mực đậm để viết các thông tin quan trọng. Dùng bút dạ quang để tô đậm các chữ viết tắt của bạn.
vietnews-test-7174,vietnews,"Yulia Skripal đã từ chối sự giúp đỡ từ Đại sứ quán Nga tại Anh, điều khiến Moscow hoài nghi về việc người Anh đã thao túng kịch bản cuộc phỏng vấn với Reuters.",Con gái cựu điệp viên hai mang Sergei Skripal được cho là đã bị người Anh giám sát và không được tự hành động theo ý mình.,Con gái cựu điệp viên hai mang Sergei Skripal được cho là đã bị người Anh giám sát và không được tự hành động theo ý mình.,Con gái cựu điệp viên Sergei Skripal hy vọng sớm trở về quê nhà sau khi bị người Anh giám sát.,Con gái cựu điệp viên hai mang Sergei Skripal được cho là đã bị người Anh giám sát và không được tự hành động theo ý mình.,Con gái cựu điệp viên hai mang Sergei Skripal được cho là đã bị người Anh giám sát và không được tự hành động theo ý mình.
wikilingua_vi-1a7c02dc2371-1,wikilingua_vi,Gập bụng Gập bụng đạp xe. Gập bụng ngược. Tập plank Tập plank một bên. Tập động tác bơi lội.,Thực hiện bài tập cơ trung tâm. Tập cơ bụng nâng cao. Tập bài tập plank.,Thực hiện bài tập cơ trung tâm. Tập cơ bụng nâng cao. Tập bài tập plank.,Thực hiện bài tập cơ trung tâm. Tập cơ bụng. Tập bài tập plank.,Thực hiện bài tập cơ trung tâm. Tập bài tập plank. Gập cơ bụng.,Thực hiện bài tập cơ trung tâm. Tập cơ bụng nâng cao. Tập bài tập plank.
vietnews-test-13129,vietnews,Liên Bộ Công Thương - Tài chính vừa có thông báo mới về điều hành giá bán lẻ xăng dầu từ 15h chiều nay (19/1).,"Giá xăng RON 92 và giá xăng E5 tăng 290 đồng / lít, dầu hỏa tăng 347 đồng / kg.","Giá xăng RON 92 và giá xăng E5 tăng 290 đồng / lít, dầu hỏa tăng 347 đồng / kg.","Giá xăng RON 92 và giá xăng E5 được liên bộ điều chỉnh tăng 290 đồng / lít, dầu hỏa tăng 347 đồng / kg.","Giá xăng RON 92 và giá xăng E5 tăng 290 đồng / lít, dầu hỏa tăng 347 đồng / kg.","Giá xăng RON 92 và giá xăng E5 tăng 290 đồng / lít, dầu hỏa tăng 347 đồng / kg."
wikilingua_vi-2579f15b763d-4,wikilingua_vi,"Làm nóng lò hun khói. Dùng kẹp để xếp xúc xích vào lò hun khói. Hun khói xúc xích khoảng 2-2,5 tiếng. Kiểm tra nhiệt độ bên trong xúc xích. Lấy xúc xích ra khỏi lò.","Chuẩn bị lò hun khói. Đặt xúc xích Bratwurst lên khay phía dưới khay phía trên lò. Để lò nướng trong 2-2,5 tiếng.","Chuẩn bị lò hun khói. Đặt xúc xích Bratwurst lên khay phía dưới khay phía trên lò. Để lò nướng trong 2-2,5 tiếng.",Làm nóng lò hun khói ở nhiệt độ thấp. Làm chín xúc xích Bratwurst bằng nhiệt kế. Kiểm tra nhiệt độ bên trong xúc xích.,"Chuẩn bị lò hun khói. Đặt xúc xích Bratwurst lên khay phía dưới khay phía trên lò. Để lò nướng trong 2-2,5 tiếng.",Chuẩn bị lò hun khói. Đặt xúc xích Bratwurst lên khay phía dưới khay phía trên. Để nguội.
vietnews-test-5422,vietnews,"Một cặp vợ chồng tại thành phố Hamburg, Đức đã lơ đễnh quên mất đứa con vừa chào đời của họ khi đi taxi từ bệnh viện về nhà.",Một cặp vợ chồng ở thành phố Hamburg (Đức) vừa rời bệnh viện về nhà với đứa con mới chào đời đã phát hoảng khi nhận ra sau khi xuống taxi họ bỏ quên đứa trẻ trên xe.,Một cặp vợ chồng ở thành phố Hamburg (Đức) vừa rời bệnh viện về nhà với đứa con mới chào đời đã phát hoảng khi nhận ra sau khi xuống taxi họ bỏ quên đứa trẻ trên xe.,Một cặp vợ chồng ở thành phố Hamburg (Đức) vừa rời bệnh viện về nhà với đứa con mới chào đời đã phát hoảng khi nhận ra sau khi xuống taxi họ bỏ quên đứa trẻ.,Một cặp vợ chồng ở thành phố Hamburg (Đức) vừa rời bệnh viện về nhà với đứa con mới chào đời đã phát hoảng khi nhận ra sau khi xuống taxi họ bỏ quên đứa trẻ trên xe.,Một cặp vợ chồng ở thành phố Hamburg (Đức) vừa rời bệnh viện về nhà với đứa con mới chào đời đã phát hoảng khi nhận ra sau khi xuống taxi họ bỏ quên đứa trẻ trên xe.
vietnews-test-19623,vietnews,"Sau hơn một năm về Việt Nam làm hiệu phó Đại học Hoa Sen, ông Thành không đủ chuẩn làm hiệu trưởng trường này.","GS Trương Nguyện Thành, Phó hiệu trưởng Đại học Hoa Sen (TP HCM), chia tay giảng viên sau hơn một năm làm việc.","GS Trương Nguyện Thành, Phó hiệu trưởng Đại học Hoa Sen (TP HCM), chia tay giảng viên sau hơn một năm làm việc.","GS Trương Nguyện Thành, phó hiệu trưởng Đại học Hoa Sen (TP HCM), được đề cử giữ chức hiệu trưởng sau hơn một năm làm việc.","GS Trương Nguyện Thành, Phó hiệu trưởng Đại học Hoa Sen (TP HCM), chia tay giảng viên sau hơn một năm làm việc.","GS Trương Nguyện Thành, Phó hiệu trưởng Đại học Hoa Sen (TP HCM), chia tay giảng viên sau hơn một năm làm việc."
vietnews-test-13925,vietnews,Xi măng Hà Tiên 1 cho biết kết luận của Thanh tra Chính phủ không ảnh hưởng đến chi phí hoạt động của doanh nghiệp.,Xi măng Hà Tiên 1 khẳng định các nội dung được nêu trong báo cáo của Thanh tra Chính phủ sẽ không làm ảnh hưởng đến chi phí của hoạt động kinh doanh của công ty.,Xi măng Hà Tiên 1 khẳng định các nội dung được nêu trong báo cáo của Thanh tra Chính phủ sẽ không làm ảnh hưởng đến chi phí của hoạt động kinh doanh của công ty.,Xi măng Hà Tiên 1 khẳng định các nội dung được nêu trong báo cáo của Thanh tra Chính phủ sẽ không làm ảnh hưởng đến chi phí của hoạt động kinh doanh của công ty.,Xi măng Hà Tiên 1 khẳng định các nội dung được nêu trong báo cáo của Thanh tra Chính phủ sẽ không làm ảnh hưởng đến chi phí của hoạt động kinh doanh của công ty.,Xi măng Hà Tiên 1 khẳng định các nội dung được nêu trong báo cáo của Thanh tra Chính phủ sẽ không làm ảnh hưởng đến chi phí của hoạt động kinh doanh của công ty.
vietnews-test-8980,vietnews,Hai người mang súng hơi hạng nhẹ bị bắt tại sân bay ở Paris sau khi khiến những người khác hoảng sợ.,Hành khách được sơ tán khỏi Nhà ga số 2 của sân bay Charles de Gaulle sau khi phát hiện hai người mang theo vũ khí trong một cái bao.,Hành khách được sơ tán khỏi Nhà ga số 2 của sân bay Charles de Gaulle sau khi phát hiện hai người mang theo vũ khí trong một cái bao.,Hành khách được sơ tán khỏi Nhà ga số 2 của sân bay Charles de Gaulle sau khi phát hiện hai người mang theo súng hơi hạng nhẹ.,Hành khách được sơ tán khỏi Nhà ga số 2 của sân bay Charles de Gaulle sau khi phát hiện hai người mang theo vũ khí trong một cái bao.,Hành khách được sơ tán khỏi Nhà ga số 2 của sân bay Charles de Gaulle sau khi phát hiện hai người mang theo vũ khí trong một cái bao.
wikilingua_vi-184bf0b374d4-0,wikilingua_vi,Mỉm cười. Giao tiếp bằng mắt. Gật đầu. Xây dựng sự tự tin.,Mỉm cười với người khác. Nhìn vào mắt người đó. Nhắm mắt lại. Gật đầu.,Mỉm cười với người khác. Nhìn vào mắt người đó. Nhắm mắt lại. Gật đầu.,Mỉm cười với người mà bạn không biết. Nhìn vào mắt người đó. Nhắm mắt lại. Gật đầu.,Mỉm cười với người khác. Nhìn vào mắt người đó. Nhắm mắt lại. Gật đầu.,Mỉm cười với người khác. Nhìn vào mắt người đó. Nhắm mắt lại. Gật đầu.
wikilingua_vi-e96e14b722fd-1,wikilingua_vi,Nghĩ đến động lực lớn nhất để đi tập gym. Đặt mục tiêu cho bản thân. Tập các bài tập và tham gia các lớp tập luyện mà bạn yêu thích. Làm quen với các huấn luyện viên và thành viên tích cực ở phòng gym.,Tìm ra lý do cá nhân cụ thể để thôi thúc mình đến phòng gym. Tham gia vào những hoạt động yêu thích. Tập thể dục thường xuyên.,Tìm ra lý do cá nhân cụ thể để thôi thúc mình đến phòng gym. Tham gia vào những hoạt động yêu thích. Tập thể dục thường xuyên.,Tìm ra lý do cá nhân cụ thể để thôi thúc bản thân đến phòng gym. Tập thể dục thường xuyên.,Tìm ra lý do cá nhân cụ thể để thôi thúc mình đến phòng gym. Tham gia vào những hoạt động yêu thích. Tập thể dục thường xuyên.,Tìm ra lý do cá nhân cụ thể để thôi thúc mình đến phòng gym. Tham gia vào những hoạt động yêu thích. Tập thể dục thường xuyên.
vietnews-test-19875,vietnews,Mười quả mìn với 2 kg thuốc nổ được cài vào cây ATM ở khu dân cư trung tâm TP Uông Bí khiến hàng trăm người phải di tản.,"Nhân viên ngân hàng phát hiện bên dưới máy rút tiền có nhiều thỏi mìn, tổng cộng hơn 2 kg.","Nhân viên ngân hàng phát hiện bên dưới máy rút tiền có nhiều thỏi mìn, tổng cộng hơn 2 kg.","Nhân viên ngân hàng phát hiện nhiều thỏi mìn, tổng cộng hơn 2 kg thuốc nổ đã được tháo gỡ và đưa về nơi an toàn.","Nhân viên ngân hàng phát hiện bên dưới máy rút tiền có nhiều thỏi mìn, tổng cộng hơn 2 kg.","Nhân viên ngân hàng phát hiện bên dưới máy rút tiền có nhiều thỏi mìn, tổng cộng hơn 2 kg."
wikilingua_vi-4a21e81410d0-4,wikilingua_vi,Gắp xúc xích ra và thưởng thức.,Ăn bánh mì kẹp xúc xích.,Ăn bánh mì kẹp xúc xích.,Chuẩn bị bánh mì kẹp xúc xích.,Ăn bánh mì kẹp xúc xích.,Ăn bánh mì kẹp xúc xích.
vietnews-test-14523,vietnews,"Sáng nay (7/12), tại trụ sở Chính phủ, Thủ tướng Nguyễn Xuân Phúc và Thủ tướng Campuchia Hun Sen đã có cuộc họp báo chung sau khi hai bên kết thúc cuộc hội đàm. Thủ tướng Hun Sen đã lên tiếng bác bỏ thông tin xuyên tạc về việc ""đang có sự chuẩn bị để xây dựng một cơ sở quân sự của nước ngoài trên lãnh thổ Campuchia"".","Thủ tướng Nguyễn Xuân Phúc cho biết, kết quả của cuộc hội đàm giữa hai Thủ tướng Việt Nam - Campuchia đã đạt được 84% công tác phân giới cắm mốc và sớm hoàn thành 16% còn lại.","Thủ tướng Nguyễn Xuân Phúc cho biết, kết quả của cuộc hội đàm giữa hai Thủ tướng Việt Nam - Campuchia đã đạt được 84% công tác phân giới cắm mốc và sớm hoàn thành 16% còn lại.","Thủ tướng Nguyễn Xuân Phúc khẳng định, quan hệ Việt Nam - Campuchia đang phát triển tích cực toàn diện trên tất cả các lĩnh vực.","Thủ tướng Nguyễn Xuân Phúc cho biết, kết quả của cuộc hội đàm giữa hai Thủ tướng Việt Nam - Campuchia đã đạt được 84% công tác phân giới cắm mốc và sớm hoàn thành 16% còn lại.","Thủ tướng Nguyễn Xuân Phúc cho biết, kết quả của cuộc hội đàm giữa hai Thủ tướng Việt Nam - Campuchia đã đạt được 84% công tác phân giới cắm mốc và sớm hoàn thành 16% còn lại."
wikilingua_vi-3c5d926467ff-0,wikilingua_vi,Mở hộp sốt cà chua 180 ml. Bảo quản nước ép cà chua trong tủ lạnh đến khi muốn uống.,Dùng sốt cà chua.,Dùng sốt cà chua.,Dùng sốt cà chua.,Dùng sốt cà chua.,Dùng sốt cà chua.
wikilingua_vi-81bfec70d7f4-1,wikilingua_vi,Điều chỉnh màu của máu giả.,Cho máu giả vào máy xay.,Cho máu giả vào máy xay.,Cho máu giả vào máy xay.,Cho máu giả vào máy xay.,Cho máu giả vào máy xay.
wikilingua_vi-6eefe44a4552-1,wikilingua_vi,Đào hố và trồng cây. Giữ đất luôn ẩm ướt. Bón phân.,Đặt cây mai địa thảo vào lòng đất hoặc chậu cây. Trồng cây trong chậu.,Đặt cây mai địa thảo vào lòng đất hoặc chậu cây. Trồng cây trong chậu.,Đặt cây mai địa thảo vào lòng đất hoặc chậu cây. Trồng cây trong chậu.,Đặt cây mai địa thảo vào lòng đất hoặc chậu cây. Trồng cây trong chậu.,Đặt cây mai địa thảo vào lòng đất hoặc chậu cây. Trồng cây trong chậu.
vietnews-test-6134,vietnews,Quả tên lửa Falcon 9 của tập đoàn Công nghệ khai phá không gian - gọi tắt là SpaceX vừa được phóng từ Florida vào ngày 31-1 mang theo một vệ tinh liên lạc của NATO.,"Một vệ tinh liên lạc của Liên minh Châu Âu (EU) vừa được phóng lên không gian vào ngày 31-1, sau khi trải qua một sự cố kỹ thuật và buộc phải lùi kế hoạch phóng tên lửa lại 1 ngày.","Một vệ tinh liên lạc của Liên minh Châu Âu (EU) vừa được phóng lên không gian vào ngày 31-1, sau khi trải qua một sự cố kỹ thuật và buộc phải lùi kế hoạch phóng tên lửa lại 1 ngày.","Vệ tinh liên lạc đầu tiên của Liên minh Châu Âu (EU) vừa được phóng lên không gian vào ngày 31-1, nhằm tăng cường khả năng phát hiện các vụ tấn công mạng.","Vệ tinh liên lạc đầu tiên của Liên minh Châu Âu (EU) vừa được phóng lên không gian vào ngày 31-1, sau khi trải qua một sự cố kỹ thuật và buộc phải lùi kế hoạch phóng lại 1 ngày.","Một vệ tinh liên lạc của Liên minh Châu Âu (EU) vừa được phóng lên không gian vào ngày 31-1, sau khi trải qua một sự cố kỹ thuật và buộc phải lùi kế hoạch phóng tên lửa lại 1 ngày."
vietnews-test-517,vietnews,"Khi cơ quan chức năng tiến hành đào giếng hoang để tìm kiếm thi thể vợ, Nguyễn Văn Huy không hề tỏ ra biểu hiện bất thường nào. Sau khi khai nhận, Huy còn cười và nói ""cảm thấy nhẹ người"".","Liên quan đến vụ án giết vợ rồi cuốn chăn vào thi thể, phi tang xuống giếng rúng động Yên Bái, cơ quan CSĐT Công an tỉnh Yên Bái đã ra quyết định khởi tố vụ án, khởi tố bị can, bắt tạm giam đối với Nguyễn Văn Huy.","Liên quan đến vụ án giết vợ rồi cuốn chăn vào thi thể, phi tang xuống giếng rúng động Yên Bái, cơ quan CSĐT Công an tỉnh Yên Bái đã ra quyết định khởi tố vụ án, khởi tố bị can, bắt tạm giam đối với Nguyễn Văn Huy.","Trong quá trình đào giếng hoang tìm kiếm thi thể vợ mình, Huy không ra bất kỳ biểu hiện bất thường nào. Sau khi khai nhận, Huy còn cười nói: ""Thật nhẹ người rồi"".","Liên quan đến vụ án giết vợ rồi cuốn chăn vào thi thể, phi tang xuống giếng rúng động Yên Bái, cơ quan CSĐT Công an tỉnh Yên Bái đã ra quyết định khởi tố vụ án, khởi tố bị can, bắt tạm giam đối với Nguyễn Văn Huy.","Liên quan đến vụ án giết vợ rồi cuốn chăn vào thi thể, phi tang xuống giếng rúng động Yên Bái, cơ quan CSĐT Công an tỉnh Yên Bái đã ra quyết định khởi tố vụ án, khởi tố bị can, bắt tạm giam đối với Nguyễn Văn Huy."
vietnews-test-15945,vietnews,Đó là kết quả cuộc điều tra của PGS.TS Đặng Thị Lệ Xuân - Trường ĐH Kinh tế quốc dân (Hà Nội) - về tác động chính sách học phí đối với sinh viên vừa được công bố.,"Theo một cuộc điều tra mới đây, có tới 51% sinh viên đang phải đi làm thêm vì học phí cao, trong đó nhóm nghèo nhất là 79%.","Theo một cuộc điều tra mới đây, có tới 51% sinh viên đang phải đi làm thêm vì học phí cao, trong đó nhóm nghèo nhất là 79%.","Khoảng 51% sinh viên ở 11 tỉnh thành đang phải đi làm thêm vì học phí cao, trong đó nhóm nghèo nhất là 79%.","Theo một cuộc điều tra mới đây, có tới 51% sinh viên ở 11 tỉnh thành đang phải đi làm thêm vì học phí cao.","Theo một cuộc điều tra mới đây, có tới 51% sinh viên đang phải đi làm thêm vì học phí cao, trong đó nhóm nghèo nhất là 79%."
wikilingua_vi-027b2965e0d8-0,wikilingua_vi,Không cho quần áo vào máy sấy. Phân loại quần áo. Đọc nhãn trên quần áo.,Để quần áo bị lem màu vào máy sấy. Đọc nhãn trên quần áo.,Để quần áo bị lem màu vào máy sấy. Đọc nhãn trên quần áo.,Để quần áo bị lem màu vào máy sấy. Đọc nhãn trên quần áo.,Để quần áo bị lem màu vào máy sấy. Đọc nhãn trên quần áo.,Để quần áo bị lem màu vào máy sấy. Đọc nhãn trên quần áo.
wikilingua_vi-cb1ecc267790-2,wikilingua_vi,Mở văn bản của bạn bằng Illustrator. Lựa chọn artboard muốn thay đổi kích thước. Nhấn ⇧ Shift+O. Chỉnh sửa kích thước của artboard.,"Mở Illustrator. Nhấp vào bảng ""Artboards"" ở phía trên cùng cửa sổ. Chọn các artboard mà bạn muốn thay đổi kích thước.","Mở Illustrator. Nhấp vào bảng ""Artboards"" ở phía trên cùng cửa sổ. Chọn các artboard mà bạn muốn thay đổi kích thước.","Mở Illustrator. Nhấp vào bảng ""Artboards"" ở phía trên cùng cửa sổ. Chọn các artboard nổi bật.","Mở Illustrator. Nhấp vào bảng ""Artboards"" ở phía trên cùng cửa sổ. Chọn các artboard mà bạn muốn thay đổi kích thước.","Mở Illustrator. Nhấp vào bảng ""Artboards"" ở phía trên cùng cửa sổ. Chọn các artboard mà bạn muốn thay đổi kích thước."
vietnews-test-11479,vietnews,"Chiếc taxi bất ngờ ngoặt lên vỉa hè, lao thẳng vào đám đông cổ động viên dự World Cup ở thủ đô Nga khiến 8 người bị thương.","Chiếc taxi màu vàng lao thẳng vào đám đông đang đi bộ trên vỉa hè ở Moskva, hất văng nhiều người, khiến 8 người bị thương.","Chiếc taxi màu vàng lao thẳng vào đám đông đang đi bộ trên vỉa hè ở Moskva, hất văng nhiều người, khiến 8 người bị thương.",Một chiếc taxi màu vàng lao thẳng vào đám đông đang đi bộ trên vỉa hè ở Moskva khiến 8 người bị thương.,"Chiếc taxi màu vàng lao thẳng vào đám đông đang đi bộ trên vỉa hè ở Moskva, hất văng nhiều người, khiến 8 người bị thương.","Chiếc taxi màu vàng lao thẳng vào đám đông đang đi bộ trên vỉa hè ở Moskva, hất văng nhiều người, khiến 8 người bị thương."
vietnews-test-3712,vietnews,"Do làm ăn thua lỗ, giám đốc các xí nghiệp, phân xưởng đã được nguyên giám đốc Công ty Lương thực Trà Vinh chỉ đạo lập khống các hợp đồng mua bán lúa gạo, nâng khống hàng tồn kho của công ty để che giấu số tiền bị thâm hụt lên tới 659 tỉ đồng.","Công ty Lương thực Trà Vinh (IMEX Trà Vinh) có trụ sở tại 102 Trần Phú, phường 2, TP Trà Vinh, tỉnh Trà Vinh đã bị bắt tạm giam để điều tra về hành vi cố ý làm trái quy định của Nhà nước về quản lý kinh tế gây hậu quả nghiêm trọng.","Công ty Lương thực Trà Vinh (IMEX Trà Vinh) có trụ sở tại 102 Trần Phú, phường 2, TP Trà Vinh, tỉnh Trà Vinh đã bị bắt tạm giam để điều tra về hành vi cố ý làm trái quy định của Nhà nước về quản lý kinh tế gây hậu quả nghiêm trọng.",Công ty Lương thực Trà Vinh (IMEX Trà Vinh) vừa bị bắt tạm giam để điều tra về hành vi cố ý làm trái quy định của Nhà nước về quản lý kinh tế gây hậu quả nghiêm trọng tại công ty này.,"Công ty Lương thực Trà Vinh (IMEX Trà Vinh) có trụ sở tại 102 Trần Phú, phường 2, TP Trà Vinh, tỉnh Trà Vinh đã bị bắt tạm giam để điều tra về hành vi cố ý làm trái quy định của Nhà nước về quản lý kinh tế gây hậu quả nghiêm trọng.","Công ty Lương thực Trà Vinh (IMEX Trà Vinh) có trụ sở tại 102 Trần Phú, phường 2, TP Trà Vinh, tỉnh Trà Vinh đã bị bắt tạm giam để điều tra về hành vi cố ý làm trái quy định của Nhà nước về quản lý kinh tế gây hậu quả nghiêm trọng."
wikilingua_vi-6acf3dfe4498-0,wikilingua_vi,Chú ý đến cảm xúc của người yêu. Điều chỉnh sự mong chờ. Làm rõ cam kết. Xác định liệu người yêu có đang chờ đợi vì lý do tôn giáo hay không.,Hãy để người yêu nghi ngờ về ý định của bạn. Hãy chắc chắn rằng bạn đã sẵn sàng cho cuộc yêu. Đừng mong đợi điều gì đó giống như phim ảnh.,Hãy để người yêu nghi ngờ về ý định của bạn. Hãy chắc chắn rằng bạn đã sẵn sàng cho cuộc yêu. Đừng mong đợi điều gì đó giống như phim ảnh.,Hãy kiên nhẫn với quyết định của người yêu. Hãy chắc chắn rằng bạn đã sẵn sàng cho chuyện chăn gối. Đừng mong đợi điều gì đó giống như phim ảnh.,Hãy để người yêu nghi ngờ về ý định của bạn. Hãy chắc chắn rằng bạn đã sẵn sàng cho cuộc yêu. Đừng mong đợi điều gì đó giống như phim ảnh.,Hãy để người yêu nghi ngờ về ý định của bạn. Hãy chắc chắn rằng bạn đã sẵn sàng cho cuộc yêu. Đừng mong đợi điều gì đó giống như phim ảnh.
wikilingua_vi-f5cdd46e4a3c-2,wikilingua_vi,Thay đổi không gian của bạn. Động não. Đặt lại khái niệm cho vấn đề. Mơ mộng. Đặt ra những phạm vi. Tính đến khả năng xấu nhất.,Tập trung vào việc thay đổi lối suy nghĩ của bạn. Đặt ra những phạm vi căn bản. Hình dung ra tình huống xấu nhất.,Tập trung vào việc thay đổi lối suy nghĩ của bạn. Đặt ra những phạm vi căn bản. Hình dung ra tình huống xấu nhất.,Thay đổi lối suy nghĩ của bạn. Đặt ra cho mình những phạm vi căn bản.,Tập trung vào việc thay đổi lối suy nghĩ của bạn. Đặt ra những phạm vi căn bản. Hình dung ra tình huống xấu nhất.,Tập trung vào việc thay đổi lối suy nghĩ của bạn. Đặt ra những phạm vi căn bản. Hình dung ra tình huống xấu nhất.
wikilingua_vi-cf4537b48dca-2,wikilingua_vi,Loại bỏ thực phẩm thừa và nguồn nước. Dọn dẹp mặt đất. Lắp lưới chống chim. Văng dây tạo thành các đường song song. Chặn cửa. Lắp bàn chông chống chim. Lắp tấm phóng điện. Sử dụng chất đuổi chim (dạng bột nhão hay nước phun). Bít kín các lỗ thông ra ngoài.,Làm sạch các khay đựng thức ăn cho chim. Đặt bàn chông kim loại lên các vị trí mà chim hay đậu. Dùng chất đuổi chim để ngăn chim đậu. Làm kín các lỗ thông hơi.,Làm sạch các khay đựng thức ăn cho chim. Đặt bàn chông kim loại lên các vị trí mà chim hay đậu. Dùng chất đuổi chim để ngăn chim đậu. Làm kín các lỗ thông hơi.,Ném vụn bánh mì hay bánh mì vào khay đựng thức ăn cho chim. Đặt bàn chông kim loại lên các bề mặt mà chim hay đậu. Dùng chất đuổi chim để ngăn chim đậu.,Làm sạch các khay đựng thức ăn cho chim. Đặt bàn chông kim loại lên các vị trí mà chim hay đậu. Dùng chất đuổi chim để ngăn chim đậu. Làm kín các lỗ thông hơi.,Làm sạch các khay đựng thức ăn cho chim. Đặt bàn chông kim loại lên các vị trí mà chim hay đậu. Dùng chất đuổi chim để ngăn chim đậu. Làm kín các lỗ thông hơi.
vietnews-test-12934,vietnews,"Khi U23 Việt Nam ""lên ngôi"" trong lòng mấy chục triệu dân Việt, người ta không nhìn thấy bóng dáng bầu Đức, bầu Hiển – những ông bầu đã dốc bạc tỷ nuôi dưỡng đội bóng những ngày trứng nước nhưng lại phải chứng kiến một ông Nguyễn Lân Trung ""lăng xăng, ưỡn ngực"" hứng cơn mưa cờ hoa lẫn tán tụng (!!)","Sau khi trải qua cả quá trình rèn luyện, thi đấu cam kho trong điều kiện thời tiết khắc nghiệt, người ta không thấy bóng dáng bầu Đức hay bầu Hiển trên chiếc xe buýt diễu hành cùng U23 Việt Nam mà lại thấy một ông Nguyễn Lân Trung còm cõi vung tay, ưỡn mình trong cái lạnh cắt da cắt thịt của Hà Nội.","Sau khi trải qua cả quá trình rèn luyện, thi đấu cam kho trong điều kiện thời tiết khắc nghiệt, người ta không thấy bóng dáng bầu Đức hay bầu Hiển trên chiếc xe buýt diễu hành cùng U23 Việt Nam mà lại thấy một ông Nguyễn Lân Trung còm cõi vung tay, ưỡn mình trong cái lạnh cắt da cắt thịt của Hà Nội.","Người ta không thấy bóng dáng bầu Đức hay bầu Hiển trên chiếc xe buýt diễu hành cùng U23 Việt Nam mà lại thấy một ông Nguyễn Lân Trung còm cõi vung tay, ưỡn mình trong cái lạnh cắt da cắt thịt của Hà Nội.","Sau khi trải qua cả quá trình rèn luyện, thi đấu cam kho trong điều kiện thời tiết khắc nghiệt, người ta không thấy bóng dáng bầu Đức hay bầu Hiển trên chiếc xe buýt diễu hành cùng U23 Việt Nam mà lại thấy một ông Nguyễn Lân Trung còm cõi vung tay, ưỡn mình trong cái lạnh cắt da cắt thịt của Hà Nội.","Sau khi trải qua cả quá trình rèn luyện, thi đấu cam kho trong điều kiện thời tiết khắc nghiệt, người ta không thấy bóng dáng bầu Đức hay bầu Hiển trên chiếc xe buýt diễu hành cùng U23 Việt Nam mà lại thấy một ông Nguyễn Lân Trung còm cõi vung tay, ưỡn mình trong cái lạnh cắt da cắt thịt của Hà Nội."
vietnews-test-22548,vietnews,"Ngày 10/9, 307 trường học cho học sinh nghỉ do mưa lớn gây ngập cục bộ, mất điện diện rộng.","Sáng nay (10/9), hai thành phố Thái Nguyên và Sông Công (Thái Nguyên) phải cho học sinh nghỉ học do mưa lũ.","Sáng nay (10/9), hai thành phố Thái Nguyên và Sông Công (Thái Nguyên) phải cho học sinh nghỉ học do mưa lũ.","Sáng nay (10/9), hai thành phố Thái Nguyên và Sông Công (Thái Nguyên) phải hoãn khai giảng năm học do mưa lũ.","Sáng nay (10/9), hai thành phố Thái Nguyên và Sông Công (Thái Nguyên) phải cho học sinh nghỉ học do mưa lũ.","Sáng nay (10/9), hai thành phố Thái Nguyên và Sông Công (Thái Nguyên) phải cho học sinh nghỉ học do mưa lũ."
vietnews-test-10446,vietnews,"Bắc Kinh kêu gọi Washington tuân thủ nguyên tắc ""Một Trung Quốc"" sau khi tàu tuần dương Mỹ Antietam di chuyển qua eo biển Đài Loan hôm 24/7.",Trung Quốc bày tỏ quan ngại về việc Mỹ điều tàu tuần tra qua eo biển Đài Loan nhằm thể hiện cam kết của Mỹ đối với một khu vực tự do và rộng mở.,Trung Quốc bày tỏ quan ngại về việc Mỹ điều tàu tuần tra qua eo biển Đài Loan nhằm thể hiện cam kết của Mỹ đối với một khu vực tự do và rộng mở.,Bộ Ngoại giao Trung Quốc bày tỏ quan ngại về việc Mỹ điều tàu tuần dương Antietam qua eo biển Đài Loan.,Trung Quốc bày tỏ quan ngại về việc Mỹ điều tàu tuần tra qua eo biển Đài Loan nhằm thể hiện cam kết của Mỹ đối với một khu vực tự do và rộng mở.,Trung Quốc bày tỏ quan ngại về việc Mỹ điều tàu tuần tra qua eo biển Đài Loan nhằm thể hiện cam kết của Mỹ đối với một khu vực tự do và rộng mở.
wikilingua_vi-82266731d0c0-2,wikilingua_vi,Mở TikTok trên điện thoại hoặc máy tính bảng. Nhấn vào dấu + ở chính giữa phía cuối màn hình. Nhấn vào biểu tượng Upload (Tải lên) hình vuông ở góc dưới bên phải màn hình. Nhấn vào Multiple. Chọn video để thêm vào trình chiếu. Nhấn vào Next (Tiếp theo) ở góc trên bên phải màn hình. Cắt video (tùy chọn). Nhấn vào Next (Tiếp theo). Thêm nhãn dán và hiệu ứng (tùy chọn) rồi nhấn vào Next. Chọn tùy chỉnh về đăng tải và nhấn vào Post (Đăng).,Mở TikTok. Nhấn vào biểu tượng nốt nhạc ở góc dưới bên phải màn hình. Thêm một số điểm nhấn vào slideshow. Thêm hình thu nhỏ. Thêm chú thích.,Mở TikTok. Nhấn vào biểu tượng nốt nhạc ở góc dưới bên phải màn hình. Thêm một số điểm nhấn vào slideshow. Thêm hình thu nhỏ. Thêm chú thích.,Mở TikTok. Nhấn vào biểu tượng nốt nhạc ở góc dưới bên phải màn hình. Thêm một số điểm nhấn vào slideshow. Thêm video.,Mở TikTok. Nhấn vào biểu tượng nốt nhạc ở góc dưới bên phải màn hình. Thêm một số điểm nhấn vào slideshow. Thêm hình thu nhỏ của video. Thêm chú thích.,Mở TikTok. Nhấn vào biểu tượng nốt nhạc ở góc dưới bên phải màn hình. Thêm một số điểm nhấn vào slideshow. Thêm hình thu nhỏ. Thêm chú thích.
vietnews-test-6919,vietnews,"Iran nhấn mạnh, nước này sẵn sàng chiến tranh với Mỹ, nhưng vẫn muốn hướng tới một cuộc đối thoại thay thế.","Thứ trưởng Ngoại giao Iran Abbas Araghchi cho biết, Tehran sẵn sàng chiến tranh với Mỹ nhưng vẫn muốn hướng tới một cuộc đối thoại thay thế.","Thứ trưởng Ngoại giao Iran Abbas Araghchi cho biết, Tehran sẵn sàng chiến tranh với Mỹ nhưng vẫn muốn hướng tới một cuộc đối thoại thay thế.",Iran cáo buộc Cố vấn An ninh Quốc gia Mỹ John Bolton đứng đằng sau vụ tấn công tàu chở dầu ở UAE.,"Thứ trưởng Ngoại giao Iran Abbas Araghchi cho biết, Tehran sẵn sàng chiến tranh với Mỹ nhưng vẫn muốn hướng tới một cuộc đối thoại thay thế.","Thứ trưởng Ngoại giao Iran Abbas Araghchi cho biết, Tehran sẵn sàng chiến tranh với Mỹ nhưng vẫn muốn hướng tới một cuộc đối thoại thay thế."
wikilingua_vi-4869f05de0bc-0,wikilingua_vi,Mở trang Facebook Polls. Nhấp vào Get Started Now (Bắt đầu ngay bây giờ). Nhập tiêu đề cho cuộc khảo sát. Nhấp vào Continue (Tiếp tục). Nhấp vào Continue as [tên bạn] khi tùy chọn hiện ra.,"Truy cập trang Facebook của bạn. Nhấp vào nút ""Poll"" ở góc trên bên phải trang. Nhập địa chỉ email và mật khẩu của bạn vào thanh URL.","Truy cập trang Facebook của bạn. Nhấp vào nút ""Poll"" ở góc trên bên phải trang. Nhập địa chỉ email và mật khẩu của bạn vào thanh URL.","Truy cập trang Facebook của bạn. Nhấp vào nút ""Poll"" (Tiêu đề) ở góc trên bên phải trang Facebook. Nhập tiêu đề của cuộc khảo sát.","Truy cập trang Facebook của bạn. Nhấp vào nút ""Poll"" ở góc trên bên phải trang. Nhập địa chỉ email và mật khẩu của bạn vào thanh URL.","Truy cập trang Facebook của bạn. Nhấp vào nút ""Poll"" ở góc trên bên phải trang. Nhập địa chỉ email và mật khẩu của bạn vào ô ""Polls""."
vietnews-test-21449,vietnews,"Hàng tấn cá chép, trắm nuôi trên sông Thái Bình đến ngày thu hoạch bất ngờ chết, nhà chức trách đang xác định nguyên nhân.","Hàng tấn cá chép giòn, trắm, ngạnh sông chuẩn bị thu hoạch bất ngờ chết nổi trắng ô lồng trên sông Thái Bình khiến một số hộ dân lâm mắc nợ.","Hàng tấn cá chép giòn, trắm, ngạnh sông chuẩn bị thu hoạch bất ngờ chết nổi trắng ô lồng trên sông Thái Bình khiến một số hộ dân lâm mắc nợ.","Hàng tấn cá chép giòn, trắm, ngạnh sông chuẩn bị thu hoạch bất ngờ chết nổi trắng ô lồng trên sông Thái Bình khiến một số hộ dân lâm mắc nợ.","Hàng tấn cá chép giòn, trắm, ngạnh sông chuẩn bị thu hoạch bất ngờ chết nổi trắng ô lồng trên sông Thái Bình khiến một số hộ dân lâm mắc nợ.","Hàng tấn cá chép giòn, trắm, ngạnh sông chuẩn bị thu hoạch bất ngờ chết nổi trắng ô lồng trên sông Thái Bình khiến một số hộ dân lâm mắc nợ."
wikilingua_vi-bc7039b02fce-1,wikilingua_vi,"Đề cập đến hôn nhân một cách tự nhiên. Đề cập đến tương lai ở cùng nhau. Lên kế hoạch cho một chuyến đi lãng mạn. Nếu bạn không muốn một chiếc nhẫn đắt tiền – hoặc không cần có nhẫn – hãy nói với chàng điều đó. Nếu bạn không muốn một đám cưới đắt tiền, hãy nói với chàng. Để chàng thấy bạn là một ""người vợ đảm đang"".",Bắt đầu bằng cách nói chuyện về hôn nhân của bạn. Nói với chàng rằng bạn là một người vợ đảm đang. Hãy để chàng nhìn nhận bạn như một người bạn đời của chàng. Hãy cho chàng thấy rằng bạn đã sẵn sàng cho hôn nhân.,Bắt đầu bằng cách nói chuyện về hôn nhân của bạn. Nói với chàng rằng bạn là một người vợ đảm đang. Hãy để chàng nhìn nhận bạn như một người bạn đời của chàng. Hãy cho chàng thấy rằng bạn đã sẵn sàng cho hôn nhân.,Nói chuyện về hôn nhân của bạn. Nói với chàng rằng bạn là một người vợ đảm đang. Hãy để chàng nhìn nhận bạn như một người bạn đời của chàng.,Bắt đầu bằng cách nói chuyện về hôn nhân của bạn. Nói với chàng rằng bạn là một người vợ đảm đang. Hãy để chàng nhìn nhận bạn như một người bạn đời của chàng. Hãy cho chàng thấy rằng bạn đã sẵn sàng cho hôn nhân.,Bắt đầu bằng cách nói chuyện về hôn nhân của bạn. Nói với chàng rằng bạn là một người vợ đảm đang. Hãy để chàng nhìn nhận bạn như một người bạn đời của chàng. Hãy cho chàng thấy rằng bạn đã sẵn sàng cho hôn nhân.
wikilingua_vi-018c89351e22-0,wikilingua_vi,Chuẩn bị bồn tắm. Ẵm chó con vào phòng tắm. Chải lông cho cún con. Làm ẩm lông chó. Thoa dầu gội lên lông chó con. Xả sạch dầu gội. Thoa dầu xả lên lông chó con. Rửa mặt cho cún con. Lau khô cún con.,Tắm cho chó con trong chậu hoặc bồn tắm. Chuẩn bị đồ chơi cho cún con. Dùng bàn chải lông cứng để chải lông và gỡ rối. Dùng khăn tắm để thấm khô lông và da chó con. Rửa sạch lông chó con trước khi tắm.,Tắm cho chó con trong chậu hoặc bồn tắm. Chuẩn bị đồ chơi cho cún con. Dùng bàn chải lông cứng để chải lông và gỡ rối. Dùng khăn tắm để thấm khô lông và da chó con. Rửa sạch lông chó con trước khi tắm.,Tắm cho chó con. Chuẩn bị đồ chơi cho cún con. Lau sạch lông và lông. Lau khô lông và da chó con trước khi tắm. Xả sạch lông chó con trong lúc tắm.,Tắm cho chó con trong chậu hoặc bồn tắm. Chuẩn bị đồ chơi cho cún con. Dùng bàn chải lông cứng để chải lông và gỡ rối. Dùng khăn tắm để thấm khô lông và da chó con. Rửa sạch lông chó con trước khi tắm.,Tắm cho chó con trong chậu hoặc bồn tắm. Chuẩn bị đồ chơi cho cún con. Dùng bàn chải lông cứng để chải lông và gỡ rối. Dùng khăn tắm để thấm khô lông và da chó con. Rửa sạch lông chó con trước khi tắm.
wikilingua_vi-b2f0ad8eb139-0,wikilingua_vi,Thoa sản phẩm làm chắc móng. Mang găng tay để bảo vệ móng khỏi thời tiết lạnh và hóa chất. Bảo vệ móng khỏi tiếp xúc với nước trong thời gian dài. Áp dụng chế độ ăn cân bằng Thử uống thực phẩm chức năng bổ sung biotin.,Thoa sản phẩm làm chắc móng hàng ngày. Bảo vệ móng khỏi nước. Tránh ngâm móng trong nước quá lâu.,Thoa sản phẩm làm chắc móng hàng ngày. Bảo vệ móng khỏi nước. Tránh ngâm móng trong nước quá lâu.,Thoa sản phẩm làm chắc móng hàng ngày. Tránh ngâm móng trong nước quá lâu. Bảo vệ móng khỏi nước.,Thoa sản phẩm làm chắc móng hàng ngày. Bảo vệ móng khỏi nước. Tránh ngâm móng trong nước quá lâu.,Thoa sản phẩm làm chắc móng hàng ngày. Bảo vệ móng khỏi nước. Tránh ngâm móng trong nước quá lâu.
wikilingua_vi-cf1477c9db1f-0,wikilingua_vi,Đo lường nguyên liệu cẩn thận. Trộn nguyên liệu ướt và khô càng ít càng tốt. Kiểm tra muối nở và bột nở thật kỹ. Trộn hỗn hợp nguyên liệu khô trước.,Chuẩn bị nguyên liệu. Thử muối nở hoặc bột nở.,Chuẩn bị nguyên liệu. Thử muối nở hoặc bột nở.,Chuẩn bị nguyên liệu. Thử muối nở hoặc bột nở.,Chuẩn bị nguyên liệu. Thử muối nở hoặc bột nở.,Chuẩn bị nguyên liệu. Thử muối nở hoặc bột nở.
vietnews-test-5134,vietnews,"Đài BBC ngày 24-4 đưa tin cảnh sát Trung Quốc đã bắt một người đàn ông 32 tuổi bị tình nghi phóng hỏa đốt quán karaoke ở tỉnh Quảng Đông, làm ít nhất 18 người chết vào rạng sáng cùng ngày.",Cảnh sát thành phố Thanh Viễn (Trung Quốc) đã phong tỏa nhiều con đường để bắt nghi phạm phóng hỏa đốt một quán karaoke ở thành phố này.,Cảnh sát thành phố Thanh Viễn (Trung Quốc) đã phong tỏa nhiều con đường để bắt nghi phạm phóng hỏa đốt một quán karaoke ở thành phố này.,"Một vụ hỏa hoạn xảy ra vào đêm 24-4 ở thành phố Thanh Viễn, Trung Quốc, khiến thêm 5 người bị thương ngoài số người chết.",Cảnh sát thành phố Thanh Viễn (Trung Quốc) đã phong tỏa nhiều con đường để bắt nghi phạm phóng hỏa đốt một quán karaoke ở thành phố này.,Cảnh sát thành phố Thanh Viễn (Trung Quốc) đã phong tỏa nhiều con đường để bắt nghi phạm phóng hỏa đốt một quán karaoke ở thành phố này.
vietnews-test-21967,vietnews,"Các thí sinh Việt Nam đã được đào tạo bàn bản, tiếp cận những thiết bị hiện đại nhất để tự tin thể hiện cùng thí sinh trên thế giới.","13 thí sinh tham dự kỳ thi tay nghề thế giới lần thứ 44 năm 2017 được đào tạo bàn bản, qua thực hành và tiếp cận những thiết bị hiện đại nhất để tự tin thể hiện khả năng tay nghề.","13 thí sinh tham dự kỳ thi tay nghề thế giới lần thứ 44 năm 2017 được đào tạo bàn bản, qua thực hành và tiếp cận những thiết bị hiện đại nhất để tự tin thể hiện khả năng tay nghề.","13 thí sinh Việt Nam tham dự kỳ thi tay nghề thế giới lần thứ 44 năm 2017 được đào tạo bàn bản, qua thực hành và tiếp cận những thiết bị hiện đại nhất.","13 thí sinh tham dự kỳ thi tay nghề thế giới lần thứ 44 năm 2017 được đào tạo bàn bản, qua thực hành và tiếp cận những thiết bị hiện đại nhất để tự tin thể hiện khả năng tay nghề.","13 thí sinh tham dự kỳ thi tay nghề thế giới lần thứ 44 năm 2017 được đào tạo bàn bản, qua thực hành và tiếp cận những thiết bị hiện đại nhất để tự tin thể hiện khả năng tay nghề."
wikilingua_vi-4a33de58010d-0,wikilingua_vi,"Mở Start {""smallUrl"":""https:\/\/www.wikihow.com\/images_en\/0\/07\/Windowsstart.png"",""bigUrl"":""https:\/\/www.wikihow.com\/images_en\/0\/07\/Windowsstart.png"",""smallWidth"":460,""smallHeight"":460,""bigWidth"":760,""bigHeight"":760,""licensing"":""
<\/div>""}. Mở phần cài đặt Settings {""smallUrl"":""https:\/\/www.wikihow.com\/images_en\/d\/d0\/Windowssettings.png"",""bigUrl"":""https:\/\/www.wikihow.com\/images_en\/d\/d0\/Windowssettings.png"",""smallWidth"":460,""smallHeight"":445,""bigWidth"":760,""bigHeight"":735.483870967742,""licensing"":""
<\/div>""}. Nhấp vào System (Hệ thống). Nhấp vào thẻ Display (Hiển thị) ở góc trên bên trái cửa sổ. Nhấp vào khung thả xuống ""Change the size of text, apps, and other items"" (Đổi kích thước văn bản, ứng dụng và mục khác). Nhấp vào một kích thước. Bạn nên cân nhắc việc sử dụng Magnifier.",Mở Start. Nhấp vào biểu tượng bánh răng ở góc dưới bên trái cửa sổ Settings. Mở Magnifier. Nhấn  Win++ để kích hoạt.,Mở Start. Nhấp vào biểu tượng bánh răng ở góc dưới bên trái cửa sổ Settings. Mở Magnifier. Nhấn  Win++ để kích hoạt.,Mở Start. Nhấp vào biểu tượng bánh răng ở góc dưới bên trái cửa sổ Settings. Chọn kích thước nhỏ nhất mà bạn muốn phóng to tối đa là 100%.,Mở Start. Nhấp vào biểu tượng bánh răng ở góc dưới bên trái cửa sổ Settings. Mở Magnifier. Nhấn  Win++ để kích hoạt.,Mở Start. Nhấp vào biểu tượng bánh răng ở góc dưới bên trái cửa sổ Settings. Mở Magnifier. Nhấn  Win++ để kích hoạt.
wikilingua_vi-8f7147592d11-0,wikilingua_vi,Bắt đầu từ mũi. Vẽ bộ ria của ông già Noel. Vẽ mắt của ông già Noel. Điểm thêm lông mày cho ông già Noel. Vẽ râu cằm cho ông già Noel. Vẽ mũ của ông già Noel. Vẽ miệng.,Vẽ phần chóp mũi của ông già Noel. Vẽ các đường cong ở hai bên đầu của ông. Vẽ cặp lông mày thật rậm. Vẽ hai bên khuôn mặt. Vẽ 2 đường chữa chi. Nối liền phần trên của bộ râu cằm.,Vẽ phần chóp mũi của ông già Noel. Vẽ các đường cong ở hai bên đầu của ông. Vẽ cặp lông mày thật rậm. Vẽ hai bên khuôn mặt. Vẽ 2 đường chữa chi. Nối liền phần trên của bộ râu cằm.,Vẽ phần chóp mũi của ông già Noel. Vẽ cặp lông mày thật rậm. Vẽ lông mày cho cân đối.,Vẽ phần chóp mũi của ông già Noel. Vẽ các đường cong ở hai bên đầu của ông. Vẽ cặp lông mày thật rậm. Vẽ hai bên khuôn mặt. Vẽ 2 đường chữa chi. Nối liền phần trên của bộ râu cằm.,Vẽ phần chóp mũi của ông già Noel. Vẽ các đường cong ở hai bên đầu của ông. Vẽ cặp lông mày thật rậm. Vẽ hai bên khuôn mặt. Vẽ 2 đường chữa chi. Nối liền phần trên của bộ râu cằm.
vietnews-test-7808,vietnews,"Tổng thống Nga cho rằng chính sách áp đặt lệnh trừng phạt hiện nay của Mỹ là ""vô nghĩa"" và cản trở hợp tác bình thường giữa hai nước.","Tổng thống Nga Vladimir Putin cho rằng các lệnh trừng phạt nhắm vào Nga của Mỹ là ""không có tương lai"" và hai nước có thể bắt đầu ""hợp tác bình thường"".","Tổng thống Nga Vladimir Putin cho rằng các lệnh trừng phạt nhắm vào Nga của Mỹ là ""không có tương lai"" và hai nước có thể bắt đầu ""hợp tác bình thường"".",Tổng thống Nga Vladimir Putin cho rằng các lệnh trừng phạt nhắm vào Nga của Mỹ là vô nghĩa và không có tương lai.,"Tổng thống Nga Vladimir Putin cho rằng các lệnh trừng phạt nhắm vào Nga của Mỹ là ""không có tương lai"" và hai nước có thể bắt đầu ""hợp tác bình thường"".","Tổng thống Nga Vladimir Putin cho rằng các lệnh trừng phạt nhắm vào Nga của Mỹ là ""không có tương lai"" và hai nước có thể bắt đầu ""hợp tác bình thường""."
vietnews-test-6566,vietnews,Cung cấp hạt nhân cho Hàn Quốc để đối đầu với Triều Tiên chỉ nói lên một điều rằng: Vũ khí thông thường của Mỹ quá kém cỏi.,Việc Mỹ bắt buộc phải triển khai vũ khí hạt nhân đến Hàn Quốc sẽ khiến chính đồng minh của nước này tỏ ra hoài nghi về các loại vũ khí thông thường của Mỹ là không đáng tin cậy.,Việc Mỹ bắt buộc phải triển khai vũ khí hạt nhân đến Hàn Quốc sẽ khiến chính đồng minh của nước này tỏ ra hoài nghi về các loại vũ khí thông thường của Mỹ là không đáng tin cậy.,Mỹ sẽ triển khai vũ khí hạt nhân ở Hàn Quốc để ngăn chặn mối đe dọa hạt nhân từ Bắc Triều Tiên.,Việc Mỹ bắt buộc phải triển khai vũ khí hạt nhân đến Hàn Quốc sẽ khiến chính đồng minh của nước này tỏ ra hoài nghi về các loại vũ khí thông thường của Mỹ là không đáng tin cậy.,Việc Mỹ bắt buộc phải triển khai vũ khí hạt nhân đến Hàn Quốc sẽ khiến chính đồng minh của nước này tỏ ra hoài nghi về các loại vũ khí thông thường của Mỹ là không đáng tin cậy.
vietnews-test-4879,vietnews,Bộ trưởng Quốc phòng Mỹ Mark Esper sẽ gặp gỡ các lãnh đạo cấp cao của Mông Cổ trong chuyến thăm hiếm hoi đến quốc gia quan trọng này trong bối cảnh Washington có chiến lược tập trung chống Bắc Kinh và Matxcơva.,"Ông Mark Esper, Bộ trưởng quốc phòng Mỹ, hôm 8-8 đã đến Mông Cổ, nơi có vị trí chiến lược giữa Nga và Trung Quốc.","Ông Mark Esper, Bộ trưởng quốc phòng Mỹ, hôm 8-8 đã đến Mông Cổ, nơi có vị trí chiến lược giữa Nga và Trung Quốc.","Ông Mark Esper, Bộ trưởng quốc phòng Mỹ, đã đến Mông Cổ trong chuyến thăm cấp quốc gia đầu tiên từ năm 2014.","Ông Mark Esper, Bộ trưởng quốc phòng Mỹ, hôm 8-8 đã đến Mông Cổ, nơi có vị trí chiến lược giữa Nga và Trung Quốc.","Ông Mark Esper, Bộ trưởng quốc phòng Mỹ, hôm 8-8 đã đến Mông Cổ, nơi có vị trí chiến lược giữa Nga và Trung Quốc."
wikilingua_vi-5ae602a5ca0e-1,wikilingua_vi,"Trước tiên, quay số “00” trên điện thoại. Quay mã quốc gia “1”. Quay mã vùng ở Hoa Kỳ. Quay bảy số còn lại.",Quay mã gọi quốc tế (00) trên điện thoại. Nhập số điện thoại mà bạn muốn gọi. Nhập mã vùng Hoa Kỳ.,Quay mã gọi quốc tế (00) trên điện thoại. Nhập số điện thoại mà bạn muốn gọi. Nhập mã vùng Hoa Kỳ.,Quay mã gọi quốc tế (00) trên điện thoại. Nhập mã vùng Hoa Kỳ mà bạn muốn gọi. Nhập số điện thoại Hoa Kỳ.,Quay mã gọi quốc tế (00) trên điện thoại. Nhập số điện thoại mà bạn muốn gọi. Nhập mã vùng Hoa Kỳ. Nhập tên của người nhận.,Quay mã gọi quốc tế (00) trên điện thoại. Nhập số điện thoại mà bạn muốn gọi. Nhập mã vùng Hoa Kỳ.
vietnews-test-3234,vietnews,"Đường hầm rộng 18m, cao 3,2 m, nối phố Trần Nguyên Hãn sang phố Chương Dương Độ, quận Hoàn Kiếm, Hà Nội.",Hầm đường bộ xuyên đê sông Hồng sẽ được xây dựng vào tháng 10-2019 với kinh phí khoảng 80 tỉ đồng.,Hầm đường bộ xuyên đê sông Hồng sẽ được xây dựng vào tháng 10-2019 với kinh phí khoảng 80 tỉ đồng.,Hầm đường bộ xuyên đê sông Hồng có tổng mức đầu tư khoảng 80 tỉ đồng sẽ được xây dựng vào tháng 10-2019.,Hầm đường bộ xuyên đê sông Hồng sẽ được xây dựng vào tháng 10-2019 với kinh phí 80 tỉ đồng.,Hầm đường bộ xuyên đê sông Hồng sẽ được xây dựng vào tháng 10-2019 với kinh phí khoảng 80 tỉ đồng.
wikilingua_vi-2df1132941cb-0,wikilingua_vi,"Mở tập tin DOCX trong Word. Nhấp vào File (Tệp) ở phía trên góc trái cửa sổ Word. Nhấp vào Save As (Lưu thành) ở giữa trình đơn đang hiển thị bên trái cửa sổ. Nhấp đúp vào This PC (Máy tính này) ở giữa cửa sổ. Đặt tên mới cho tập tin DOC. Nhấp vào khung lựa chọn ""Save as type"" (Lưu thành định dạng) ở gần bên dưới cửa sổ ""Save As"" để thấy các lựa chọn. Nhấp vào Word 97-2003 Document trong danh sách lựa chọn. Chọn thư mục lưu. Nhấp vào Save (Lưu) ở bên dưới góc phải cửa sổ.","Mở tập tin DOCX. Nhấp đúp vào tập tin. Chọn ""Save As"" (Lưu thành).","Mở tập tin DOCX. Nhấp đúp vào tập tin. Chọn ""Save As"" (Lưu thành).",Mở Word 97-2003 Document. Nhấp đúp vào tập tin DOCX. Nhập tên của văn bản.,"Mở tập tin DOCX. Nhấp đúp vào tập tin. Chọn ""Save As"" (Lưu thành).","Mở tập tin DOCX. Nhấp đúp vào tập tin. Chọn ""Save As"" (Lưu thành)."
wikilingua_vi-ac5eb7eb68fe-2,wikilingua_vi,Biết những tổn thương nào cần giội rửa mắt ngay. Sử dụng bồn rửa mắt nếu có. Rửa mắt bằng vòi nước ở bồn rửa. Gọi cho trung tâm chống độc để có lời khuyên về cách xử lý các hóa chất gây kích ứng.,Dừng ngay việc đang làm và rửa mắt ngay lập tức. Rửa mắt ở bồn rửa mắt. Dùng vòi nước ở vòi rửa.,Dừng ngay việc đang làm và rửa mắt ngay lập tức. Rửa mắt ở bồn rửa mắt. Dùng vòi nước ở vòi rửa.,Dừng ngay việc đang làm và rửa mắt ngay lập tức. Dùng vòi nước ở bồn rửa mắt. Rửa mắt ở vòi nước.,Dừng ngay việc đang làm và rửa mắt ngay lập tức. Rửa mắt ở bồn rửa mắt. Dùng vòi nước ở vòi rửa.,Dừng ngay việc đang làm và rửa mắt ngay lập tức. Rửa mắt ở bồn rửa mắt. Dùng vòi nước ở vòi rửa.
vietnews-test-15617,vietnews,Hoạt động trên thuộc chương trình ' Sẻ chia nước sạch ' do báo Tuổi Trẻ phát động.,"Sáng 19-11, nhãn hàng Comfort 1 lần xả thuộc Công ty Unilever tổ chức lễ khánh thành, bàn giao công trình xây dựng 4 trạm cấp nước ngọt tại 4 điểm trường học vùng sâu, vùng xa tại tỉnh Bạc Liêu.","Sáng 19-11, nhãn hàng Comfort 1 lần xả thuộc Công ty Unilever tổ chức lễ khánh thành, bàn giao công trình xây dựng 4 trạm cấp nước ngọt tại 4 điểm trường học vùng sâu, vùng xa tại tỉnh Bạc Liêu.","Sáng 19-11, báo Tuổi Trẻ phối hợp với Tỉnh đoàn Bạc Liêu, nhãn hàng Comfort 1 lần xả thuộc Công ty Unilever tổ chức lễ khánh thành, bàn giao công trình xây dựng 4 trạm cấp nước ngọt tại 4 điểm trường học vùng sâu, vùng xa.","Sáng 19-11, nhãn hàng Comfort 1 lần xả thuộc Công ty Unilever tổ chức lễ khánh thành, bàn giao công trình xây dựng 4 trạm cấp nước ngọt tại 4 điểm trường học vùng sâu, vùng xa tại tỉnh Bạc Liêu.","Sáng 19-11, nhãn hàng Comfort 1 lần xả thuộc Công ty Unilever tổ chức lễ khánh thành, bàn giao công trình xây dựng 4 trạm cấp nước ngọt tại 4 điểm trường học vùng sâu, vùng xa tại tỉnh Bạc Liêu."
vietnews-test-3845,vietnews,"Vừa đổ dốc cầu An Hạ phía huyện Củ Chi, gặp một tốp xe máy băng qua đường, xe ben thắng gấp rồi lật ngang, đè chết 1 người dưới thùng xe.","Chiếc xe ben chạy trên quốc lộ 22 đoạn qua huyện Củ Chi, TP. HCM bất ngờ tông vào hai xe máy rồi lật ngang ra đường khiến một người bị thương nặng.","Chiếc xe ben chạy trên quốc lộ 22 đoạn qua huyện Củ Chi, TP. HCM bất ngờ tông vào hai xe máy rồi lật ngang ra đường khiến một người bị thương nặng.","Chiếc xe ben chạy trên quốc lộ 22 đoạn qua huyện Củ Chi, TP. HCM đã tông vào hai xe máy rồi lật ngang ra đường khiến một người chết, một người bị thương.","Chiếc xe ben chạy trên quốc lộ 22 đoạn qua huyện Củ Chi, TP. HCM bất ngờ tông vào hai xe máy rồi lật ngang ra đường khiến một người bị thương nặng.","Chiếc xe ben chạy trên quốc lộ 22 đoạn qua huyện Củ Chi, TP. HCM bất ngờ tông vào hai xe máy rồi lật ngang ra đường khiến một người bị thương nặng."
vietnews-test-1511,vietnews,"Lần đầu tiên, nhạc sĩ Mew Amazing sáng tác một ca khúc nhạc phim trên một câu chuyện có sẵn. Anh cũng tự mình thể hiện bài hát trong phim Ở đây có nắng.","Là tác giả của rất nhiều bản hit đình đám trước đó như Ừ thì, Thật bất ngờ... nhưng lần này, Mew Amazing đã liều lĩnh thể hiện ca khúc Ở đây có nắng.","Là tác giả của rất nhiều bản hit đình đám trước đó như Ừ thì, Thật bất ngờ... nhưng lần này, Mew Amazing đã liều lĩnh thể hiện ca khúc Ở đây có nắng.","Ca khúc Ở đây có nắng được sáng tác bởi nhạc sĩ Mew Amazing, là cách để anh hiểu hơn về tình cảm gia đình và trân quý hạnh phúc mà mình đang có.","Là tác giả của rất nhiều bản hit đình đám trước đó như Ừ thì, Thật bất ngờ... nhưng lần này, Mew Amazing đã liều lĩnh thể hiện ca khúc Ở đây có nắng.","Là tác giả của rất nhiều bản hit đình đám trước đó như Ừ thì, Thật bất ngờ... nhưng lần này, Mew Amazing đã liều lĩnh thể hiện ca khúc Ở đây có nắng."
wikilingua_vi-02c37cd04659-2,wikilingua_vi,Tắt thiết bị điện tử. Uống vitamin B mỗi ngày. Tránh tiêu thụ các chất gây đau đầu. Đeo kính râm. Thả tóc.,Tránh sử dụng màn hình sáng. Hạn chế sử dụng thiết bị điện tử. Tránh tiếp xúc với ánh nắng. Đeo kính râm phân cực.,Tránh sử dụng màn hình sáng. Hạn chế sử dụng thiết bị điện tử. Tránh tiếp xúc với ánh nắng. Đeo kính râm phân cực.,Nhìn vào màn hình sáng. Hạn chế dùng thiết bị điện tử. Tránh tiếp xúc với ánh nắng. Đeo kính râm.,Tránh sử dụng màn hình sáng. Hạn chế sử dụng thiết bị điện tử. Tránh tiếp xúc với ánh nắng. Đeo kính râm phân cực.,Tránh sử dụng màn hình sáng. Hạn chế sử dụng thiết bị điện tử. Tránh tiếp xúc với ánh nắng. Đeo kính râm phân cực.
wikilingua_vi-70531bd65caf-2,wikilingua_vi,Viết ra tất cả các số có trong tập hợp. Tìm số xuất hiện thường xuyên nhất.,Tìm một dãy số. Tìm giá trị mode.,Tìm một dãy số. Tìm giá trị mode.,Tìm dãy số. Tìm giá trị mode.,Tìm một dãy số. Tìm giá trị mode.,Tìm một dãy số. Tìm giá trị mode.
vietnews-test-22165,vietnews,"""Chính phủ ý kiến thế nào, không làm được hay không chịu làm? Quốc hội đã quyết định đưa vào chương trình rồi sao Chính phủ cứ lùi mãi"", Chủ tịch Quốc hội Nguyễn Sinh Hùng đặt câu hỏi.",Bộ trưởng Tư pháp Hà Hùng Cường đề nghị lùi thời gian trình dự luật biểu tình từ kỳ họp thứ 9 sang kỳ họp cuối năm 2016.,Bộ trưởng Tư pháp Hà Hùng Cường đề nghị lùi thời gian trình dự luật biểu tình từ kỳ họp thứ 9 sang kỳ họp cuối năm 2016.,Bộ trưởng Tư pháp Hà Hùng Cường đề nghị lùi thời gian trình dự án Luật biểu tình từ kỳ họp thứ 9 sang năm 2016.,Bộ trưởng Tư pháp Hà Hùng Cường đề nghị lùi thời gian trình dự luật biểu tình từ kỳ họp thứ 9 sang kỳ họp cuối năm 2016.,Bộ trưởng Tư pháp Hà Hùng Cường đề nghị lùi thời gian trình dự luật biểu tình từ kỳ họp thứ 9 sang kỳ họp cuối năm 2016.
wikilingua_vi-9bb842e7ea0f-0,wikilingua_vi,Ứng tuyển vào NASA cho dù bạn không tham gia vào chương trình Pathways nào. Vào trang web của USAJOBS để tìm các vị trí đang tuyển dụng tại NASA. Sử dụng dịch vụ thông báo của USAJOBS. Chỉ ứng tuyển vào các công việc được quảng cáo. Suy nghĩ kỹ về việc nộp hồ sơ qua bưu điện. Soạn thảo lý lịch nộp qua USAJOBS. Định dạng bản lý lịch đơn giản. Tránh sao chép và dán bản lý lịch. Thường xuyên xem lại thông báo tuyển dụng khi đang soạn bản lý lịch. Tránh kéo dài bản lý lịch. Bỏ qua quá trình công tác không liên quan. Cung cấp đầy đủ thông tin về các kinh nghiệm làm việc được liệt kê. Chuẩn bị cung cấp thông tin bổ sung nếu bạn là hoặc đã từng là nhân viên liên bang. Cung cấp đầy đủ thông tin về quá trình đào tạo. Liệt kê các thành tựu. Viết ngắn gọn. Bỏ qua thư giới thiệu. Đọc thông báo tuyển dụng để xem có yêu cầu tài liệu bổ trợ hay không. Nộp lý lịch qua USAJOBS. Xem lại bản lý lịch của bạn khi nó được trích xuất từ trang USAJOBS. Trả lời các câu hỏi sàng lọc. Trả lời các câu hỏi bổ sung. Trả lời thêm các câu hỏi về công việc cụ thể. Chú ý nhận thông báo đã tiếp nhận. Theo dõi tình trạng hồ sơ trên trang “Application Status” của USAJOBS.,Truy cập trang web của NASA. Soạn thảo và chỉnh sửa lý lịch trên ứng dụng xử lý văn bản. Sử dụng các từ hay cụm từ để mô tả các kỹ năng cần thiết. Viết các câu hỏi bổ sung.,Truy cập trang web của NASA. Soạn thảo và chỉnh sửa lý lịch trên ứng dụng xử lý văn bản. Sử dụng các từ hay cụm từ để mô tả các kỹ năng cần thiết. Viết các câu hỏi bổ sung.,Truy cập trang web của NASA. Đăng ký nhận thông báo việc làm. Soạn thảo và chỉnh sửa lý lịch trên ứng dụng xử lý văn bản.,Truy cập trang web của NASA. Soạn thảo và chỉnh sửa lý lịch trên ứng dụng xử lý văn bản. Sử dụng các từ hay cụm từ để mô tả các kỹ năng cần thiết. Viết các câu hỏi bổ sung.,Truy cập trang web của NASA. Soạn thảo và chỉnh sửa lý lịch trên ứng dụng xử lý văn bản. Sử dụng các từ hay cụm từ để mô tả các kỹ năng cần thiết. Viết các câu hỏi bổ sung.
vietnews-test-13044,vietnews,"Câu chuyện về mức phạt 200.000 đồng đối với hành vi xâm phạm danh dự, nhân phẩm của phụ nữ theo Điểm a, Khoản 1, Điều 5, Nghị định 167/2013/NĐ-CP, mặc dù đã lắng xuống - nhưng sau nhiều bàn cãi, nhiều ý kiến đa chiều, thậm chí là với những ngôn ngữ mỉa mai – thì điều đọng lại vẫn chỉ là ""pháp luật Việt Nam còn nhiều thiếu sót"" (!)","Việc đưa ra những phản biện xã hội để vận động thay đổi quy phạm (sửa đổi pháp luật  lập pháp) là hoạt động cần thiết, tuy nhiên, khi vận động lập pháp quá nhiều thì càng bộc lộ sự lệ thuộc nguy hiểm vào các quy phạm được tạo ra cho tình huống cụ thể.","Việc đưa ra những phản biện xã hội để vận động thay đổi quy phạm (sửa đổi pháp luật  lập pháp) là hoạt động cần thiết, tuy nhiên, khi vận động lập pháp quá nhiều thì càng bộc lộ sự lệ thuộc nguy hiểm vào các quy phạm được tạo ra cho tình huống cụ thể.","Từ góc độ pháp lý, tôi nghĩ cần xem xét lại quan điểm cho rằng phải nâng mức phạt vi phạm theo Khoản 1, Điều 5, Nghị định 167/2013/NĐ-CP hoặc đưa hành vi vi phạm này vào điều chỉnh tại Bộ luật hình sự.","Việc đưa ra những phản biện xã hội để vận động thay đổi quy phạm (sửa đổi pháp luật  lập pháp) là hoạt động cần thiết, tuy nhiên, khi vận động lập pháp quá nhiều thì càng bộc lộ sự lệ thuộc nguy hiểm vào các quy phạm được tạo ra cho tình huống cụ thể.","Việc đưa ra những phản biện xã hội để vận động thay đổi quy phạm (sửa đổi pháp luật  lập pháp) là hoạt động cần thiết, tuy nhiên, khi vận động lập pháp quá nhiều thì càng bộc lộ sự lệ thuộc nguy hiểm vào các quy phạm được tạo ra cho tình huống cụ thể."
wikilingua_vi-0152c058babe-0,wikilingua_vi,Cho chó ăn thêm 1 lần trong ngày. Đánh giá chất lượng thực phẩm của chó. Cho chó ăn thực phẩm dành cho người thích hợp. Thử cho chó ăn một loại thực phẩm khác. Thêm nước vào thực phẩm khô của chó.,Cho chó ăn thêm 1 lần trong ngày. Bổ sung protein và cacbon-hydrate cho chó. Ăn thêm thực phẩm cho người.,Cho chó ăn thêm 1 lần trong ngày. Bổ sung protein và cacbon-hydrate cho chó. Ăn thêm thực phẩm cho người.,Thay đổi chế độ ăn của chó. Cho chó ăn thêm thực phẩm cho người. Bổ sung protein cho chó.,Cho chó ăn thêm 1 lần trong ngày. Bổ sung protein và cacbon-hydrate cho chó. Ăn thêm thực phẩm cho người.,Cho chó ăn thêm 1 lần trong ngày. Bổ sung protein và cacbon-hydrate cho chó. Ăn thêm thực phẩm cho người.
wikilingua_vi-2bc39a003332-1,wikilingua_vi,Xem lại các ghi chép của mình sau đó. Tự kiểm tra. Học thuộc lòng các phần ghi chép.,Xem lại ghi chép sau giờ học hoặc vào thời gian nào đó trong ngày. Học thuộc lòng các bài học. Sử dụng các phương pháp học thuộc lòng.,Xem lại ghi chép sau giờ học hoặc vào thời gian nào đó trong ngày. Học thuộc lòng các bài học. Sử dụng các phương pháp học thuộc lòng.,Xem lại ghi chép sau giờ học hoặc vào thời gian nào đó trong ngày. Ghi chép lại bài học. Học thuộc lòng.,Xem lại ghi chép sau giờ học hoặc vào thời gian nào đó trong ngày. Học thuộc lòng các bài học. Sử dụng các phương pháp học thuộc lòng.,Xem lại ghi chép sau giờ học hoặc vào thời gian nào đó trong ngày. Học thuộc lòng các bài học. Sử dụng các phương pháp học thuộc lòng.
vietnews-test-35,vietnews,"Sau khi đi nhậu về, người chồng ghé tiệm bán hàng ăn để chuẩn bị buôn bán thì xảy ra mâu thuẫn với vợ mình. Trong lúc tức giận, người vợ đã dùng dao kết liễu chồng.","Sau khi đi nhậu về, Thủy đã dùng dao đâm vào người anh B. khiến nạn nhân tử vong ngay sau đó.","Sau khi đi nhậu về, Thủy đã dùng dao đâm vào người anh B. khiến nạn nhân tử vong ngay sau đó.",Công an tỉnh Bình Phước đang tạm giữ Nguyễn Thị Thủy để điều tra về một vụ án mạng xảy ra trên địa bàn vào tối 21/8.,"Sau khi đi nhậu về, Thủy đã dùng dao đâm vào người anh B. khiến nạn nhân tử vong ngay sau đó.","Sau khi đi nhậu về, Thủy đã dùng dao đâm vào người anh B. khiến nạn nhân tử vong ngay sau đó."
vietnews-test-5351,vietnews,"Trước khi rời Thổ Nhĩ Kỳ đến Pháp dự các hoạt động kỷ niệm Thế chiến thứ nhất, Tổng thống Tayyip Erdogan ngày 10-11 cho biết Ankara đã trao các bản ghi âm liên quan đến vụ sát hại nhà báo Jamal Khashoggi cho Mỹ, Saudi Arabia và châu Âu.","Tổng thống Thổ Nhĩ Kỳ Tayyip Erdogan đã trao tất cả các bản ghi âm liên quan đến vụ sát hại nhà báo Jamal Khashoggi cho Mỹ, Saudi Arabia và châu Âu.","Tổng thống Thổ Nhĩ Kỳ Tayyip Erdogan đã trao tất cả các bản ghi âm liên quan đến vụ sát hại nhà báo Jamal Khashoggi cho Mỹ, Saudi Arabia và châu Âu.","Tổng thống Thổ Nhĩ Kỳ Tayyip Erdogan đã trao tất cả các bản ghi âm liên quan đến vụ sát hại nhà báo Jamal Khashoggi cho Mỹ, Saudi Arabia và châu Âu.","Tổng thống Thổ Nhĩ Kỳ Tayyip Erdogan đã trao tất cả các bản ghi âm liên quan đến vụ sát hại nhà báo Jamal Khashoggi cho Mỹ, Saudi Arabia và châu Âu.","Tổng thống Thổ Nhĩ Kỳ Tayyip Erdogan đã trao tất cả các bản ghi âm liên quan đến vụ sát hại nhà báo Jamal Khashoggi cho Mỹ, Saudi Arabia và châu Âu."
vietnews-test-9304,vietnews,"Đoàn Việt Nam tìm hiểu về hoạt động và cuộc sống của thủy thủ trên USS Carl Vinson, tàu sân bay sẽ thăm cảng Đà Nẵng từ ngày mai.",Đoàn cán bộ liên ngành của Việt Nam thăm tàu sân bay Mỹ USS Carl Vinson khi tàu này đi qua vùng biển quốc tế gần Việt Nam.,Đoàn cán bộ liên ngành của Việt Nam thăm tàu sân bay Mỹ USS Carl Vinson khi tàu này đi qua vùng biển quốc tế gần Việt Nam.,Đoàn cán bộ liên ngành Việt Nam thăm tàu sân bay Mỹ USS Carl Vinson và thăm tàu tuần dương USS Lake Champlain khi tàu này đi qua vùng biển gần Việt Nam.,Đoàn cán bộ liên ngành của Việt Nam thăm tàu sân bay Mỹ USS Carl Vinson khi tàu này đi qua vùng biển quốc tế gần Việt Nam.,Đoàn cán bộ liên ngành của Việt Nam thăm tàu sân bay Mỹ USS Carl Vinson khi tàu này đi qua vùng biển quốc tế gần Việt Nam.
wikilingua_vi-b22cb7465b8d-2,wikilingua_vi,Nộp thông báo nghỉ việc trực tiếp cho sếp của bạn. Gửi thông báo nghỉ việc của bạn cho bất cứ ai có thể cần biết thông tin này. Làm việc chăm chỉ và đẩy nhanh những việc dở dang.,Nộp thông báo nghỉ việc cho sếp của bạn. Gửi thư cho sếp. Hoàn thành các dự án quan trọng.,Nộp thông báo nghỉ việc cho sếp của bạn. Gửi thư cho sếp. Hoàn thành các dự án quan trọng.,Nộp thông báo nghỉ việc cho sếp của bạn. Gửi thư cho sếp. Hoàn thành công việc.,Nộp thông báo nghỉ việc cho sếp của bạn. Gửi thư cho sếp. Hoàn thành các dự án quan trọng.,Nộp thông báo nghỉ việc cho sếp của bạn. Gửi thư cho sếp. Hoàn thành các dự án quan trọng.
wikilingua_vi-bfbf822f4d31-0,wikilingua_vi,Hẹn cô ấy đi chơi. Trân trọng cô ấy.,Thêm một chút lãng mạn vào buổi hẹn hò của hai bạn. Giữ cho mối quan hệ của bạn luôn được duy trì.,Thêm một chút lãng mạn vào buổi hẹn hò của hai bạn. Giữ cho mối quan hệ của bạn luôn được duy trì.,Hãy là chính mình. Đừng cố gắng làm cho nàng cảm thấy đặc biệt. Giữ gìn mối quan hệ cũ.,Thêm một chút lãng mạn vào buổi hẹn hò của hai bạn. Giữ cho mối quan hệ của bạn luôn được duy trì.,Thêm một chút lãng mạn vào buổi hẹn hò của hai bạn. Giữ cho mối quan hệ của bạn luôn được duy trì.
vietnews-test-1685,vietnews,"Trong một bài phỏng vấn mới đây, Thanh Lam đã gây xôn xao khi bày tỏ những quan điểm khá thẳng thắn về ca sĩ Mỹ Tâm","Thanh Lam là một trong những cây đa cây đề của nền âm nhạc Việt Nam đương đại. Tuy nhiên, chị cũng được xem là một người rất thẳng thắn.","Thanh Lam là một trong những cây đa cây đề của nền âm nhạc Việt Nam đương đại. Tuy nhiên, chị cũng được xem là một người rất thẳng thắn.","Thanh Lam là một trong những cây đa cây đề của nền âm nhạc Việt Nam đương đại. Tuy nhiên, chị cũng là người rất thẳng thắn.","Thanh Lam là một trong những cây đa cây đề của nền âm nhạc Việt Nam đương đại. Tuy nhiên, chị cũng được xem là một người rất thẳng thắn.","Thanh Lam là một trong những cây đa cây đề của nền âm nhạc Việt Nam đương đại. Tuy nhiên, chị cũng được xem là một người rất thẳng thắn."
