system,display_name,subset,n,rouge1,rouge2,rougeL,bertscore_p,bertscore_r,bertscore_f,length_syllables,repetition_3gram,novel_1gram,novel_2gram,faithfulness_n,faithfulness_mean,faithfulness_pct_5,faithfulness_pct_le2
lead3,lead3,all,1910,24.905448084694317,11.410348911622714,17.165679758566117,46.333038636839206,57.819933560506215,51.14847957307756,84.64712041884816,2.5104795245980407,0.0,0.0,200,5.0,100.0,0.0
lead3,lead3,dataset=vietnews,1000,26.97901873202287,14.363919830216336,18.91467190233055,46.09264701604843,61.82758830785751,52.621230733394626,102.251,3.1562036333834635,0.0,0.0,118,5.0,100.0,0.0
lead3,lead3,dataset=wikilingua_vi,910,22.62679902169591,8.164666583497855,15.24371036981399,46.597205253092795,53.41591735462566,49.53007170459726,65.3021978021978,1.800892591866807,0.0,0.0,82,5.0,100.0,0.0
lead3,lead3,long,225,22.27065150695207,8.475982848015724,14.382222978636715,45.116486231486,53.275140245755516,48.60339305135939,93.53777777777778,2.3730804118299935,0.0,0.0,26,5.0,100.0,0.0
lead3,lead3,short,1685,25.25727552089135,11.802178207950055,17.5373579636012,46.495486287405654,58.42680507137796,51.48832792167494,83.45994065281899,2.528826587133833,0.0,0.0,174,5.0,100.0,0.0
vit5_lora,vit5_lora,all,1910,33.46328287108652,18.420333420605605,26.97993397554561,61.45117518165349,56.61701876767643,58.67734647858205,26.79895287958115,0.11816022956199125,2.205586208643967,17.84053648080245,194,4.025773195876289,56.70103092783505,19.072164948453608
vit5_lora,vit5_lora,dataset=vietnews,1000,33.74726498612035,19.28412540261284,26.75147305206749,58.017354249954224,55.54823041558266,56.5868223130703,30.756,0.061365563820262876,1.3135993789132208,10.646625465447313,113,3.9911504424778763,57.52212389380531,22.123893805309734
vit5_lora,vit5_lora,dataset=wikilingua_vi,910,33.1512146128076,17.47111146235589,27.230989935411674,65.2246047769274,57.791511462284966,60.974625781342226,22.45054945054945,0.18057195015729713,3.1857915160403905,25.745933200972928,81,4.074074074074074,55.55555555555556,14.814814814814813
vit5_lora,vit5_lora,long,225,28.006212248416123,13.72901309977499,20.698286705513592,58.70617914199829,52.75755645169152,55.336971547868515,30.835555555555555,0.15891005623222848,0.9249667977777197,15.666959191702889,26,4.115384615384615,57.692307692307686,15.384615384615385
vit5_lora,vit5_lora,short,1685,34.191971826635985,19.046770852170525,27.818729605075106,61.8177176795303,57.13237723716996,59.12339060879603,26.25994065281899,0.11271885804816138,2.3765888005993996,18.13077677163177,168,4.011904761904762,56.547619047619044,19.642857142857142
vit5_public,vit5_public,all,1910,29.882418448934594,16.237891968587803,23.64671001164172,55.07846286783668,52.85282192195897,53.74104641494951,29.35916230366492,0.04187954266576398,12.922347525176304,41.1827560776906,195,2.81025641025641,17.435897435897434,48.205128205128204
vit5_public,vit5_public,dataset=vietnews,1000,39.46198002219379,24.746845943025033,32.10799387339888,61.952145755290985,60.363304460048674,60.987840962409976,32.113,0.04051794960732701,8.401798727827611,31.642875758437572,113,3.079646017699115,25.663716814159294,43.36283185840708
vit5_public,vit5_public,dataset=wikilingua_vi,910,19.355427709089323,6.887393095579858,14.348595877842635,47.52496518931546,44.59954440757468,45.77753592323471,26.332967032967034,0.04337579877393648,17.889983566218824,51.66614104390271,82,2.4390243902439024,6.097560975609756,54.87804878048781
vit5_public,vit5_public,long,225,23.805527303933356,11.199970362502766,17.868222789816336,51.79184745417701,47.71613967418671,49.4633237918218,31.586666666666666,0.012698412698412698,8.802086832609014,39.437831077337215,25,2.84,12.0,44.0
vit5_public,vit5_public,short,1685,30.693872756130602,16.910611470884024,24.41831809764214,55.51732842752417,53.53872904703242,54.312255667295936,29.06172106824926,0.04577613272075155,13.472530703709028,41.415757932337186,170,2.8058823529411763,18.235294117647058,48.8235294117647
llm_zeroshot,llm_zeroshot,all,1910,30.69251452126591,13.28425741743828,21.36560374753521,49.01429407727656,58.3974752282597,53.07337827239361,61.439267015706804,0.2672937384545233,11.949093237661362,52.94617450754495,200,4.925,92.5,0.0
llm_zeroshot,llm_zeroshot,dataset=vietnews,1000,30.780511439388185,14.679424504476039,21.06119216492793,48.928380724787715,59.634608554840085,53.593960931897165,63.906,0.27490856978479355,10.213207835712184,47.79566754941875,118,4.915254237288136,91.52542372881356,0.0
llm_zeroshot,llm_zeroshot,dataset=wikilingua_vi,910,30.595814611241426,11.751106772341842,21.700121970180575,49.10870435473683,57.03798805619334,52.5013094157963,58.72857142857143,0.2589257919377428,13.856659613429692,58.606072263727576,82,4.939024390243903,93.90243902439023,0.0
llm_zeroshot,llm_zeroshot,long,225,28.522429559178853,11.185391647250183,18.932455017826207,49.01791789796617,55.116855674319794,51.72118231985304,67.69333333333333,0.13579916072706533,10.356236117088871,55.520201032030904,26,4.923076923076923,92.3076923076923,0.0
llm_zeroshot,llm_zeroshot,short,1685,30.98228847762768,13.564521392685949,21.690504913223357,49.01381018430614,58.83554015385999,53.2539385627922,60.60415430267062,0.2848523615932046,12.161789292337216,52.602461766886584,174,4.925287356321839,92.52873563218391,0.0
