system,metric,n,mean,ci_low,ci_high,kind,reference,diff,p_value
lead3,rouge1,1910,24.905448084694317,24.489512438796474,25.34514923307131,ci,,,
lead3,rouge2,1910,11.410348911622714,11.021885397177172,11.815741200887569,ci,,,
lead3,rougeL,1910,17.165679758566117,16.798646594258425,17.536382046415895,ci,,,
lead3,bertscore_f,1910,51.14847957307756,50.847355127256584,51.46785217507971,ci,,,
lead3,faithfulness,200,5.0,5.0,5.0,ci,,,
vit5_lora,rouge1,1910,33.46328287108652,32.756024904403176,34.11880803312803,ci,,,
vit5_lora,rouge2,1910,18.420333420605605,17.781221570761765,18.983376972359647,ci,,,
vit5_lora,rougeL,1910,26.97993397554561,26.299443678621365,27.570363897159996,ci,,,
vit5_lora,bertscore_f,1910,58.67734647858205,58.21777620447399,59.08797331762876,ci,,,
vit5_lora,faithfulness,200,4.01,3.819875,4.190125,ci,,,
vit5_public,rouge1,1910,29.882418448934594,29.005224422925682,30.809969336792154,ci,,,
vit5_public,rouge2,1910,16.237891968587803,15.329871330836413,17.159606230302707,ci,,,
vit5_public,rougeL,1910,23.64671001164172,22.81408512562099,24.566557487919574,ci,,,
vit5_public,bertscore_f,1910,53.74104641494951,53.1326144983241,54.36771769622702,ci,,,
vit5_public,faithfulness,200,2.785,2.6,2.9601249999999997,ci,,,
llm_zeroshot,rouge1,1910,30.69251452126591,30.230372998532932,31.108960367722474,ci,,,
llm_zeroshot,rouge2,1910,13.28425741743828,12.914193712149823,13.609762435087982,ci,,,
llm_zeroshot,rougeL,1910,21.36560374753521,20.995485233008132,21.699045031575544,ci,,,
llm_zeroshot,bertscore_f,1910,53.07337827239361,52.78925762859939,53.34449447118019,ci,,,
llm_zeroshot,faithfulness,200,4.925,4.885,4.96,ci,,,
lead3,rouge1,1910,,7.8702264191231945,9.257958797497386,paired,vit5_lora,8.557834786392203,0.0
lead3,rouge2,1910,,6.4228639841121495,7.574714837991308,paired,vit5_lora,7.00998450898289,0.0
lead3,rougeL,1910,,9.196552025277127,10.452019578221183,paired,vit5_lora,9.814254216979496,0.0
lead3,bertscore_f,1910,,7.093479789286384,7.985586431443068,paired,vit5_lora,7.528866905504496,0.0
lead3,faithfulness,200,,-1.1601249999999999,-0.8098750000000001,paired,vit5_lora,-0.99,0.0
vit5_public,rouge1,1910,,2.6181747148919055,4.561251809795632,paired,vit5_lora,3.580864422151928,0.0
vit5_public,rouge2,1910,,1.2811730740155507,3.064837020745579,paired,vit5_lora,2.1824414520177995,0.0
vit5_public,rougeL,1910,,2.3871712789464166,4.243347497557517,paired,vit5_lora,3.3332239639038908,0.0
vit5_public,bertscore_f,1910,,4.220200355803467,5.619411517149179,paired,vit5_lora,4.936300063632546,0.0
vit5_public,faithfulness,200,,0.99,1.45,paired,vit5_lora,1.225,0.0
llm_zeroshot,rouge1,1910,,2.126129198466817,3.4249068533437494,paired,vit5_lora,2.770768349820615,0.0
llm_zeroshot,rouge2,1910,,4.605371808889329,5.72591544419018,paired,vit5_lora,5.1360760031673225,0.0
llm_zeroshot,rougeL,1910,,5.0565842554515275,6.190569756259654,paired,vit5_lora,5.614330228010397,0.0
llm_zeroshot,bertscore_f,1910,,5.192522260921164,6.046548268908917,paired,vit5_lora,5.6039682061884415,0.0
llm_zeroshot,faithfulness,200,,-1.095,-0.735,paired,vit5_lora,-0.915,0.0
